--  PAZIENTE
-- 25 TUPLE

INSERT INTO PAZIENTE VALUES('00001111222233334444','F',1,'Sclerosi Laterale Multipla','3313002000');
INSERT INTO PAZIENTE VALUES('00001111222233334445','M',3,'Tumore Cervello','3398112364');
INSERT INTO PAZIENTE VALUES('00001111222233334446','F',2,'Sclerosi Laterale Primaria','3333456789');
INSERT INTO PAZIENTE VALUES('00001111222233334447','M',5,'Post-Traumatico Ginocchio','3357456789');
INSERT INTO PAZIENTE VALUES('00001111222233334448','F',3,'Tumore Polmoni','3398765011');
INSERT INTO PAZIENTE VALUES('00001111222233334449','M',5,'Sindrome Down','3333456110');
INSERT INTO PAZIENTE VALUES('00001111222233334450','F',4,'Tumore Gastroenterale','0817764789');
INSERT INTO PAZIENTE VALUES('00001111222233334451','F',1,'Sindrome Steel','0817732456');
INSERT INTO PAZIENTE VALUES('00001111222233334452','F',2,'Sindrome Down','081456780');
INSERT INTO PAZIENTE VALUES('00001111222233334453','M',3,'Piaghe Decubito','3498976543');
INSERT INTO PAZIENTE VALUES('00001111222233334454','F',5,'Epilessia','081454789');
INSERT INTO PAZIENTE VALUES('00001111222233334455','F',2,'Post-Traumatico Gamba','0817328976');
INSERT INTO PAZIENTE VALUES('00001111222233334456','M',4,'Tumore Polmoni','3355693112');
INSERT INTO PAZIENTE VALUES('00001111222233334457','M',1,'Piaghe Decubito','081433739');
INSERT INTO PAZIENTE VALUES('00001111222233334458','F',5,'Tumore Seno','3289900391');
INSERT INTO PAZIENTE VALUES('00001111222233334459','M',2,'Sindrome Down','081453789');
INSERT INTO PAZIENTE VALUES('00001111222233334460','M',4,'Angiome Stomaco','3478961120');
INSERT INTO PAZIENTE VALUES('00001111222233334461','F',4,'Tumore Fegato','081457765');
INSERT INTO PAZIENTE VALUES('00001111222233334462','M',2,'Parkinson','3333987908');
INSERT INTO PAZIENTE VALUES('00001111222233334463','F',3,'Spasticità','081466769');
INSERT INTO PAZIENTE VALUES('00001111222233334464','M',4,'Sclerosi Laterale Multipla','3345667321');
INSERT INTO PAZIENTE VALUES('00001111222233334465','M',1,'Epilessia','081434789');
INSERT INTO PAZIENTE VALUES('00001111222233334466','M',2,'Sindrome Down','081454589');
INSERT INTO PAZIENTE VALUES('00001111222233334467','M',1,'Spasticità','081453456');
INSERT INTO PAZIENTE VALUES('00001111222233334468','M',1,'Sclerosi Laterale Primaria','081454900');

-- PRESIDIO_MEDICO
-- 20 TUPLE

INSERT INTO PRESIDIO_MEDICO VALUES(1,'Morfina',100,'ml',1000,500);
INSERT INTO PRESIDIO_MEDICO VALUES(2,'Morfina',200,'ml',2000,1000);
INSERT INTO PRESIDIO_MEDICO VALUES(3,'Med. PEG',20,'cm',2000,1000);
INSERT INTO PRESIDIO_MEDICO VALUES(4,'Med. Piaghe',20,'cm',1000,500);
INSERT INTO PRESIDIO_MEDICO VALUES(5,'Med. Piaghe',50,'cm',500,250);
INSERT INTO PRESIDIO_MEDICO VALUES(6,'Med. Piaghe',100,'cm',250,100);
INSERT INTO PRESIDIO_MEDICO VALUES(7,'Cortisone',10,'ml',1000,500);
INSERT INTO PRESIDIO_MEDICO VALUES(8,'Baclofen',10,'ml',1000,500);
INSERT INTO PRESIDIO_MEDICO VALUES(9,'Baclofen',20,'ml',1000,500);
INSERT INTO PRESIDIO_MEDICO VALUES(10,'Amantidina',5,'mg',2000,1000);
INSERT INTO PRESIDIO_MEDICO VALUES(11,'Amantidina',10,'mg',1000,500);
INSERT INTO PRESIDIO_MEDICO VALUES(12,'Miscela Nutr.',0.5,'l',500,50);
INSERT INTO PRESIDIO_MEDICO VALUES(13,'Garze',50,'cm',500,250);
INSERT INTO PRESIDIO_MEDICO VALUES(14,'Siringa',10,'ml',2000,1000);
INSERT INTO PRESIDIO_MEDICO VALUES(15,'Siringa',20,'ml',1000,500);
INSERT INTO PRESIDIO_MEDICO VALUES(16,'Siringa',30,'ml',100,500);
INSERT INTO PRESIDIO_MEDICO VALUES(17,'Lavaggio',10,'cl',2000,1000);
INSERT INTO PRESIDIO_MEDICO VALUES(18,'Paio Guanti',1,NULL,200,100);
INSERT INTO PRESIDIO_MEDICO VALUES(19,'Laccio Emost',1,NULL,200,100);
INSERT INTO PRESIDIO_MEDICO VALUES(20,'Pompetta SNG',1,NULL,200,100);


-- PERSONALE
-- 25 TUPLE


INSERT INTO  PERSONALE VALUES (1,'Raffaele','Graviero','M','3313178277','S');
INSERT INTO  PERSONALE VALUES (2,'Domenico','Errichiello','M','3331456777','S');
INSERT INTO  PERSONALE VALUES (3,'Paolino','Esposito','M','3273077547','S');
INSERT INTO  PERSONALE VALUES (4,'Jole','De Micco','F','3333781123','N');
INSERT INTO  PERSONALE VALUES (5,'Flora','Giannone','F','3332233466','S');
INSERT INTO  PERSONALE VALUES (6,'Danila','Napolitano','F','3933348257','N');
INSERT INTO  PERSONALE VALUES (7,'Pasquale','Santamaria','F','3344320903','S');
INSERT INTO  PERSONALE VALUES (8,'Vincenzo','Bianco','M','3333178273','S');
INSERT INTO  PERSONALE VALUES (9,'Angela','Costantino','F','3392015422','S');
INSERT INTO  PERSONALE VALUES (10,'Salvatore','Piscitelli','M','3283458311','S');
INSERT INTO  PERSONALE VALUES (11,'Luca','Di Luccio','M','3390108667','N');
INSERT INTO  PERSONALE VALUES (12,'Antonella','Delle Cave','F','3289764091','S');
INSERT INTO  PERSONALE VALUES (13,'Lilly','Russo','F','3388761039','S');
INSERT INTO  PERSONALE VALUES (14,'Virginia','Bellino','F','3333178277','S');
INSERT INTO  PERSONALE VALUES (15,'Generoso','Siano','M','3980342171','N');
INSERT INTO  PERSONALE VALUES (16,'Luigi','Iorio','M','3346789087','S');
INSERT INTO  PERSONALE VALUES (17,'Michele','Annunziata','M','3471356893','N');
INSERT INTO  PERSONALE VALUES (18,'Cristiana','Lombardi','F','3489080765','S');
INSERT INTO  PERSONALE VALUES (19,'Rita','Michelino','F','3491018765','S');
INSERT INTO  PERSONALE VALUES (20,'Fabio','Giansante','M','3289017609','N');
INSERT INTO  PERSONALE VALUES (21,'Rossella','Gherardi','F','3207865432','N');
INSERT INTO  PERSONALE VALUES (22,'Adriano','Costigliola','M','3291018987','S');
INSERT INTO  PERSONALE VALUES (23,'Stella','Trinchese','F','3382076543','S');
INSERT INTO  PERSONALE VALUES (24,'Pasquale','Cutolo','M','3391018976','N');
INSERT INTO  PERSONALE VALUES (25,'Valentina','Scuotto','F','3341516110','N');



--  INFERMIERE
-- 15 TUPLE

INSERT INTO  INFERMIERE VALUES (1,'Riabilitazione');
INSERT INTO  INFERMIERE VALUES (2,'Riabilitazione');
INSERT INTO  INFERMIERE VALUES (4,'Scienze Ostetriche');
INSERT INTO  INFERMIERE VALUES (6,'Riabilitazione');
INSERT INTO  INFERMIERE VALUES (7,'Scienze Sanitarie');
INSERT INTO  INFERMIERE VALUES (8,'Scienze Sanitarie');
INSERT INTO  INFERMIERE VALUES (11,'Scienze Ostetriche');
INSERT INTO  INFERMIERE VALUES (12,'Scienze Ostetriche');
INSERT INTO  INFERMIERE VALUES (13,'Infermieristica Appl');
INSERT INTO  INFERMIERE VALUES (16,'Riabilitazione');
INSERT INTO  INFERMIERE VALUES (17,'Infermieristica Appl');
INSERT INTO  INFERMIERE VALUES (18,'Riabilitazione');
INSERT INTO  INFERMIERE VALUES (21,'Infermieristica Appl');
INSERT INTO  INFERMIERE VALUES (22,'Scienze Sanitarie');
INSERT INTO  INFERMIERE VALUES (23,'Infermieristica Appl');


-- - OPERATORE_SOCIALE 
-- 10 TUPLE

INSERT INTO  OPERATORE_SOCIALE VALUES (3,'OSS');
INSERT INTO  OPERATORE_SOCIALE VALUES (5,'OSSS');
INSERT INTO  OPERATORE_SOCIALE VALUES (9,'OSS');
INSERT INTO  OPERATORE_SOCIALE VALUES (10,'OSSS');
INSERT INTO  OPERATORE_SOCIALE VALUES (14,'OSS');
INSERT INTO  OPERATORE_SOCIALE VALUES (15,'OSSS');
INSERT INTO  OPERATORE_SOCIALE VALUES (19,'OSS');
INSERT INTO  OPERATORE_SOCIALE VALUES (20,'OSSS');
INSERT INTO  OPERATORE_SOCIALE VALUES (24,'OSS');
INSERT INTO  OPERATORE_SOCIALE VALUES (25,'OSSS');


-- ASSISTENZA
-- 25 TUPLE

INSERT INTO ASSISTENZA VALUES(1,'00001111222233334444',5,'ADI','Ventilazione SLA',TO_DATE('01-FEB-2011 08.00', 'DD-MON-YYYY HH24.MI'),TO_DATE('01-FEB-2011 13.00', 'DD-MON-YYYY HH24.MI'));
INSERT INTO ASSISTENZA VALUES(2,'00001111222233334445',11,'ADO','Soministrazione Morfina',TO_DATE('02-FEB-2011 11.30', 'DD-MON-YYYY HH24.MI'),TO_DATE('02-FEB-2011 12.30', 'DD-MON-YYYY HH24.MI'));
INSERT INTO ASSISTENZA VALUES(3,'00001111222233334446',9,'ADI','Nutrizione SNG',TO_DATE('03-FEB-2011 19.00', 'DD-MON-YYYY HH24.MI'),TO_DATE('03-FEB-2011 20.00', 'DD-MON-YYYY HH24.MI'));
INSERT INTO ASSISTENZA VALUES(4,'00001111222233334447',22,'ADO','Fisioterapia',TO_DATE('04-FEB-2011 10.30', 'DD-MON-YYYY HH24.MI'),TO_DATE('04-FEB-2011 12.30', 'DD-MON-YYYY HH24.MI'));
INSERT INTO ASSISTENZA VALUES(5,'00001111222233334448',12,'ADO','Iniezione Cortisone',TO_DATE('05-FEB-2011 19.00', 'DD-MON-YYYY HH24.MI'),TO_DATE('05-FEB-2011 20.00', 'DD-MON-YYYY HH24.MI'));
INSERT INTO ASSISTENZA VALUES(6,'00001111222233334449',24,'ADI','Accompagnamento,Sostegno',TO_DATE('06-FEB-2011 08.00', 'DD-MON-YYYY HH24.MI'),TO_DATE('06-FEB-2011 14.00', 'DD-MON-YYYY HH24.MI'));
INSERT INTO ASSISTENZA VALUES(7,'00001111222233334450',19,'ADI','Medicazione PEG',TO_DATE('06-FEB-2011 10.00', 'DD-MON-YYYY HH24.MI'),TO_DATE('06-FEB-2011 11.00', 'DD-MON-YYYY HH24.MI'));
INSERT INTO ASSISTENZA VALUES(8,'00001111222233334451',4,'ADO','Somministrazione Amantidina',TO_DATE('07-FEB-2011 15.00', 'DD-MON-YYYY HH24.MI'),TO_DATE('07-FEB-2011 16.00', 'DD-MON-YYYY HH24.MI'));
INSERT INTO ASSISTENZA VALUES(9,'00001111222233334452',9,'ADI','Addestramento Familiare',TO_DATE('08-FEB-2011 20.00', 'DD-MON-YYYY HH24.MI'),TO_DATE('08-FEB-2011 21.00', 'DD-MON-YYYY HH24.MI'));
INSERT INTO ASSISTENZA VALUES(10,'00001111222233334453',15,'ADI','Medicazione Piaghe',TO_DATE('08-FEB-2011 10.00', 'DD-MON-YYYY HH24.MI'),TO_DATE('08-FEB-2011 11.00', 'DD-MON-YYYY HH24.MI'));
INSERT INTO ASSISTENZA VALUES(11,'00001111222233334454',25,'ADI','Istruzione Familiare',TO_DATE('08-FEB-2011 18.00', 'DD-MON-YYYY HH24.MI'),TO_DATE('08-FEB-2011 20.00', 'DD-MON-YYYY HH24.MI'));
INSERT INTO ASSISTENZA VALUES(12,'00001111222233334455',6,'ADO','Fisioterapia',TO_DATE('09-FEB-2011 20.00', 'DD-MON-YYYY HH24.MI'),TO_DATE('09-FEB-2011 21.00', 'DD-MON-YYYY HH24.MI'));
INSERT INTO ASSISTENZA VALUES(13,'00001111222233334456',16,'ADO','Soministrazione Cortisone',TO_DATE('10-FEB-2011 10.00', 'DD-MON-YYYY HH24.MI'),TO_DATE('10-FEB-2011 11.00', 'DD-MON-YYYY HH24.MI'));
INSERT INTO ASSISTENZA VALUES(14,'00001111222233334457',3,'ADI','Medicazione Piaghe',TO_DATE('11-FEB-2011 20.00', 'DD-MON-YYYY HH24.MI'),TO_DATE('11-FEB-2011 21.00', 'DD-MON-YYYY HH24.MI'));
INSERT INTO ASSISTENZA VALUES(15,'00001111222233334458',21,'ADO','Soministrazione Morfina',TO_DATE('12-FEB-2011 16.00', 'DD-MON-YYYY HH24.MI'),TO_DATE('12-FEB-2011 17.00', 'DD-MON-YYYY HH24.MI'));
INSERT INTO ASSISTENZA VALUES(16,'00001111222233334459',10,'ADI','Accompagnamento,Sostengo',TO_DATE('13-FEB-2011 08.00', 'DD-MON-YYYY HH24.MI'),TO_DATE('13-FEB-2011 14.00', 'DD-MON-YYYY HH24.MI'));
INSERT INTO ASSISTENZA VALUES(17,'00001111222233334460',20,'ADI','Nutrizione SNG',TO_DATE('14-FEB-2011 12.00', 'DD-MON-YYYY HH24.MI'),TO_DATE('14-FEB-2011 14.00', 'DD-MON-YYYY HH24.MI'));
INSERT INTO ASSISTENZA VALUES(18,'00001111222233334461',18,'ADO','Soministrazione Morfina',TO_DATE('15-FEB-2011 16.00', 'DD-MON-YYYY HH24.MI'),TO_DATE('15-FEB-2011 17.00', 'DD-MON-YYYY HH24.MI'));
INSERT INTO ASSISTENZA VALUES(19,'00001111222233334462',7,'ADO','Somministrazione Baclofen',TO_DATE('16-FEB-2011 20.00', 'DD-MON-YYYY HH24.MI'),TO_DATE('16-FEB-2011 21.00', 'DD-MON-YYYY HH24.MI'));
INSERT INTO ASSISTENZA VALUES(20,'00001111222233334463',13,'ADO','Somministrazione Amantidina',TO_DATE('17-FEB-2011 18.00', 'DD-MON-YYYY HH24.MI'),TO_DATE('17-FEB-2011 19.00', 'DD-MON-YYYY HH24.MI'));
INSERT INTO ASSISTENZA VALUES(21,'00001111222233334464',14,'ADI','Aspirazione SLA',TO_DATE('18-FEB-2011 20.00', 'DD-MON-YYYY HH24.MI'),TO_DATE('18-FEB-2011 8.00', 'DD-MON-YYYY HH24.MI'));
INSERT INTO ASSISTENZA VALUES(22,'00001111222233334465',2,'ADI','Addestramento Familiare',TO_DATE('18-FEB-2011 16.00', 'DD-MON-YYYY HH24.MI'),TO_DATE('18-FEB-2011 19.00', 'DD-MON-YYYY HH24.MI'));
INSERT INTO ASSISTENZA VALUES(23,'00001111222233334466',8,'ADI','Addestramento Familiare',TO_DATE('19-FEB-2011 16.00', 'DD-MON-YYYY HH24.MI'),TO_DATE('19-FEB-2011 19.00', 'DD-MON-YYYY HH24.MI'));
INSERT INTO ASSISTENZA VALUES(24,'00001111222233334467',1,'ADI','Accompagnamento,Sostegno',TO_DATE('20-FEB-2011 08.00', 'DD-MON-YYYY HH24.MI'),TO_DATE('20-FEB-2011 14.00','DD-MON-YYYY HH24.MI'));
INSERT INTO ASSISTENZA VALUES(25,'00001111222233334468',2,'ADO','Veglia',TO_DATE('21-FEB-2011 00.00', 'DD-MON-YYYY HH24.MI'),TO_DATE('21-FEB-2011 08.00', 'DD-MON-YYYY HH24.MI'));


-- NECESSITA
-- 46 TUPLE 

-- 1 MORFINA 100ML, 1 SIRINGA 10 ML, 1 LAVAGGIO 10 CL PER L'ASSISTENZA 2 
INSERT INTO NECESSITA VALUES(2,1,1);
INSERT INTO NECESSITA VALUES(2,14,1);
INSERT INTO NECESSITA VALUES(2,17,1);

-- 1 GUANTI, 1 MISCELA, 1 POMPETTA PER ASSISTENZA 3
INSERT INTO NECESSITA VALUES(3,20,1);
INSERT INTO NECESSITA VALUES(3,18,1);
INSERT INTO NECESSITA VALUES(3,12,1);

-- 1 GUANTI PER ASSISTENZA 4 
INSERT INTO NECESSITA VALUES(4,18,1);


-- 1 SIRINGA 10ML, 1 LACCIO, 1 CORTISONE 10ML PER ASSISTENZA 5
INSERT INTO NECESSITA VALUES(5,7,1);
INSERT INTO NECESSITA VALUES(5,14,1);
INSERT INTO NECESSITA VALUES(5,19,1);

-- 1 GUANTI, 1 SIRINGA 10ML, 1 LACCIO, 1 CORTISONE 10ML PER ASSISTENZA 6
INSERT INTO NECESSITA VALUES(6,7,1);
INSERT INTO NECESSITA VALUES(6,14,1);
INSERT INTO NECESSITA VALUES(6,18,1);
INSERT INTO NECESSITA VALUES(6,19,1);

-- 1 MEDICAZIONE PEG, 1 GUANTI PER ASSISTENZA 7
INSERT INTO NECESSITA VALUES(7,3,1);
INSERT INTO NECESSITA VALUES(7,18,1);


-- 1 GUANTI, 1 LACCIO, 1 SIRINGA 10ML, 1 AMANTIDINA 10 ML PER ASSISTENZA 8
INSERT INTO NECESSITA VALUES(8,11,1);
INSERT INTO NECESSITA VALUES(8,18,1);
INSERT INTO NECESSITA VALUES(8,14,1);
INSERT INTO NECESSITA VALUES(8,19,1);

--  1 GUANTI, 2 MEDI PIAGHE 20CM PER ASSISTENZA 10
INSERT INTO NECESSITA VALUES(10,4,2);
INSERT INTO NECESSITA VALUES(10,18,1);

--1 GUANTI PER ASSISTENZA 12
INSERT INTO NECESSITA VALUES(12,18,1);

--1 GUANTI, 1 CORTISONE 10 ML, SIRINGA 10 ML PER ASSISTENZA 13
INSERT INTO NECESSITA VALUES(13,18,1);
INSERT INTO NECESSITA VALUES(13,7,1);
INSERT INTO NECESSITA VALUES(13,14,1);

--  1 GUANTI, 1 MEDI PIAGHE 50CM PER ASSISTENZA 14
INSERT INTO NECESSITA VALUES(14,5,1);
INSERT INTO NECESSITA VALUES(14,18,1);

-- 1 GUANTI 1 MORFINA 100ML, 1 SIRINGA 10 ML, 1 LAVAGGIO 10 CL PER L'ASSISTENZA 15
INSERT INTO NECESSITA VALUES(15,1,1);
INSERT INTO NECESSITA VALUES(15,14,1);
INSERT INTO NECESSITA VALUES(15,17,1);
INSERT INTO NECESSITA VALUES(15,18,1);

-- 1 GUANTI, 1 MISCELA, 1 POMPETTA PER ASSISTENZA 17
INSERT INTO NECESSITA VALUES(17,20,1);
INSERT INTO NECESSITA VALUES(17,18,1);
INSERT INTO NECESSITA VALUES(17,12,1);

-- 1 MORFINA 100ML, 1 SIRINGA 10 ML, 1 LAVAGGIO 10 CL PER L'ASSISTENZA 18
INSERT INTO NECESSITA VALUES(18,1,1);
INSERT INTO NECESSITA VALUES(18,14,1);
INSERT INTO NECESSITA VALUES(18,17,1);

-- 1 GUANTI, 1 SIRINGA 10ML, 1 LACCIO, 1 BACLOFEN 10ML PER ASSISTENZA 19
INSERT INTO NECESSITA VALUES(19,8,1);
INSERT INTO NECESSITA VALUES(19,14,1);
INSERT INTO NECESSITA VALUES(19,18,1);
INSERT INTO NECESSITA VALUES(19,19,1);

-- 1 GUANTI, 1 SIRINGA 10ML, 1 LACCIO, 1 AMANTIDINA 10ML PER ASSISTENZA 20
INSERT INTO NECESSITA VALUES(20,11,1);
INSERT INTO NECESSITA VALUES(20,14,1);
INSERT INTO NECESSITA VALUES(20,18,1);
INSERT INTO NECESSITA VALUES(20,19,1);


