-- TABELLA OGGETTO
INSERT INTO OGGETTO (NOME, CODICE_OGGETTO, PROVENIENZA,	INGOMBRO) VALUES
('GIOCONDA','1000000001','LOUVRE', 1);
INSERT INTO OGGETTO (NOME, CODICE_OGGETTO, PROVENIENZA,	INGOMBRO) VALUES
('AMORE E PSYCHE','1000000002','LOUVRE', 3);
INSERT INTO OGGETTO (NOME, CODICE_OGGETTO, PROVENIENZA,	INGOMBRO) VALUES
('MORTE DELLA VERGINE','1000000003','LOUVRE', 2);
INSERT INTO OGGETTO (NOME, CODICE_OGGETTO, PROVENIENZA,	INGOMBRO) VALUES
('LA VERGINE DELLE ROCCE','1000000004','LOUVRE', 2);
INSERT INTO OGGETTO (NOME, CODICE_OGGETTO, PROVENIENZA,	INGOMBRO) VALUES
('CASE SUL MARE','1000000005','LOUVRE', 2);
INSERT INTO OGGETTO (NOME, CODICE_OGGETTO, PROVENIENZA,	INGOMBRO) VALUES
('SAN SEBASTIANO','1000000006','LOUVRE', 2);
INSERT INTO OGGETTO (NOME, CODICE_OGGETTO, PROVENIENZA,	INGOMBRO) VALUES
('SAN GIORGIO E IL DRAGO','1000000007','LOUVRE', 2);
INSERT INTO OGGETTO (NOME, CODICE_OGGETTO, PROVENIENZA,	INGOMBRO) VALUES
('NIKE DI SAMOTRACIA','1000000008','LOUVRE', 3);
INSERT INTO OGGETTO (NOME, CODICE_OGGETTO, PROVENIENZA,	INGOMBRO) VALUES
('VENERE DI MILO','1000000009','LOUVRE', 3);
INSERT INTO OGGETTO (NOME, CODICE_OGGETTO, PROVENIENZA,	INGOMBRO) VALUES
('LA BUONA VENTURA','1000000010','LOUVRE', 3);
INSERT INTO OGGETTO (NOME, CODICE_OGGETTO, PROVENIENZA,	INGOMBRO) VALUES
('BATTESIMO DI CRISTO','1000000011','UFFIZI', 1);
INSERT INTO OGGETTO (NOME, CODICE_OGGETTO, PROVENIENZA,	INGOMBRO) VALUES
('LA NASCITA DI VENERE','1000000012','UFFIZI', 1);
INSERT INTO OGGETTO (NOME, CODICE_OGGETTO, PROVENIENZA,	INGOMBRO) VALUES
('ANNUNCIAZIONE','1000000013','UFFIZI', 1);
INSERT INTO OGGETTO (NOME, CODICE_OGGETTO, PROVENIENZA,	INGOMBRO) VALUES
('CAVALIERI DI MALTA','1000000014','UFFIZI', 1);
INSERT INTO OGGETTO (NOME, CODICE_OGGETTO, PROVENIENZA,	INGOMBRO) VALUES
('MADONNA DAL COLLO LUNGO','1000000015','UFFIZI', 1);

-- TABELLA OPERA D ARTE
INSERT INTO OPERA_D_ARTE(AUTORE, TIPO, CODICE_OGGETTO) VALUES
('LEONARDO','PITTURA','1000000001');
INSERT INTO OPERA_D_ARTE(AUTORE, TIPO, CODICE_OGGETTO) VALUES
('CANOVA','SCULTURA','1000000002');
INSERT INTO OPERA_D_ARTE(AUTORE, TIPO, CODICE_OGGETTO) VALUES
('CARAVAGGIO','PITTURA','1000000003');
INSERT INTO OPERA_D_ARTE(AUTORE, TIPO, CODICE_OGGETTO) VALUES
('LEONARDO','PITTURA','1000000004');
INSERT INTO OPERA_D_ARTE(AUTORE, TIPO, CODICE_OGGETTO) VALUES
('DEGAS','PITTURA','1000000005');
INSERT INTO OPERA_D_ARTE(AUTORE, TIPO, CODICE_OGGETTO) VALUES
('ANDREA MANTEGNA','PITTURA','1000000006');
INSERT INTO OPERA_D_ARTE(AUTORE, TIPO, CODICE_OGGETTO) VALUES
('RAFFAELLO','PITTURA','1000000007');
INSERT INTO OPERA_D_ARTE(AUTORE, TIPO, CODICE_OGGETTO) VALUES
('IGNOTO','SCULTURA','1000000008');
INSERT INTO OPERA_D_ARTE(AUTORE, TIPO, CODICE_OGGETTO) VALUES
('IGNOTO','SCULTURA','1000000009');
INSERT INTO OPERA_D_ARTE(AUTORE, TIPO, CODICE_OGGETTO) VALUES
('CARAVAGGIO','PITTURA','1000000010');
INSERT INTO OPERA_D_ARTE(AUTORE, TIPO, CODICE_OGGETTO) VALUES
('LEONARDO','PITTURA','1000000011');
INSERT INTO OPERA_D_ARTE(AUTORE, TIPO, CODICE_OGGETTO) VALUES
('BOTTICELLI','PITTURA','1000000012');
INSERT INTO OPERA_D_ARTE(AUTORE, TIPO, CODICE_OGGETTO) VALUES
('LEONARDO','PITTURA','1000000013');
INSERT INTO OPERA_D_ARTE(AUTORE, TIPO, CODICE_OGGETTO) VALUES
('TIZIANO','PITTURA','1000000014');
INSERT INTO OPERA_D_ARTE(AUTORE, TIPO, CODICE_OGGETTO) VALUES
('PARMIGIANINO','PITTURA','1000000015');

-- TABELLA ANTIQUARIATO
INSERT INTO ANTIQUARIATO(MATERIALE, PERIODO_RIF, CODICE_OGGETTO) VALUES
('TELA','500','1000000001');
INSERT INTO ANTIQUARIATO(MATERIALE, PERIODO_RIF, CODICE_OGGETTO) VALUES
('MARMO','800','1000000002');
INSERT INTO ANTIQUARIATO(MATERIALE, PERIODO_RIF, CODICE_OGGETTO) VALUES
('TELA','600','1000000003');
INSERT INTO ANTIQUARIATO(MATERIALE, PERIODO_RIF, CODICE_OGGETTO) VALUES
('TELA','500','1000000004');
INSERT INTO ANTIQUARIATO(MATERIALE, PERIODO_RIF, CODICE_OGGETTO) VALUES
('TELA','900','1000000005');
INSERT INTO ANTIQUARIATO(MATERIALE, PERIODO_RIF, CODICE_OGGETTO) VALUES
('TELA','500','1000000006');
INSERT INTO ANTIQUARIATO(MATERIALE, PERIODO_RIF, CODICE_OGGETTO) VALUES
('TELA','500','1000000007');
INSERT INTO ANTIQUARIATO(MATERIALE, PERIODO_RIF, CODICE_OGGETTO) VALUES
('MARMO','190 A.C.','1000000008');
INSERT INTO ANTIQUARIATO(MATERIALE, PERIODO_RIF, CODICE_OGGETTO) VALUES
('MARMO','130 A.C.','1000000009');
INSERT INTO ANTIQUARIATO(MATERIALE, PERIODO_RIF, CODICE_OGGETTO) VALUES
('TELA','600','1000000010');
INSERT INTO ANTIQUARIATO(MATERIALE, PERIODO_RIF, CODICE_OGGETTO) VALUES
('TELA','500','1000000011');
INSERT INTO ANTIQUARIATO(MATERIALE, PERIODO_RIF, CODICE_OGGETTO) VALUES
('TAVOLA','400','1000000012');
INSERT INTO ANTIQUARIATO(MATERIALE, PERIODO_RIF, CODICE_OGGETTO) VALUES
('TELA','500','1000000013');
INSERT INTO ANTIQUARIATO(MATERIALE, PERIODO_RIF, CODICE_OGGETTO) VALUES
('TELA','500','1000000014');
INSERT INTO ANTIQUARIATO(MATERIALE, PERIODO_RIF, CODICE_OGGETTO) VALUES
('TELA','500','1000000015');

-- TABELLA ASTA

INSERT INTO ASTA(ID_ASTA, RILANCIO_MIN, PREZZO_BASE, DATA_INIZIO, DATA_FINE, CODICE_OGGETTO) VALUES
('A000000001', 6000, 24000, to_date('01-02-2009 10:00','dd-mm-yyyy hh24:mi'),to_date('01-04-2009 18:00','dd-mm-yyyy hh24:mi'),'1000000001');
INSERT INTO ASTA(ID_ASTA, RILANCIO_MIN, PREZZO_BASE, DATA_INIZIO, DATA_FINE, CODICE_OGGETTO) VALUES
('A000000002', 1500, 14000, to_date('01-02-2009 10:00','dd-mm-yyyy hh24:mi'),to_date('01-04-2009 18:00','dd-mm-yyyy hh24:mi'),'1000000002');
INSERT INTO ASTA(ID_ASTA, RILANCIO_MIN, PREZZO_BASE, DATA_INIZIO, DATA_FINE, CODICE_OGGETTO) VALUES
('A000000003', 3000, 13000, to_date('02-02-2009 10:00','dd-mm-yyyy hh24:mi'),to_date('02-04-2009 18:00','dd-mm-yyyy hh24:mi'),'1000000003');
INSERT INTO ASTA(ID_ASTA, RILANCIO_MIN, PREZZO_BASE, DATA_INIZIO, DATA_FINE, CODICE_OGGETTO) VALUES
('A000000004', 2200, 1000, to_date('03-02-2009 10:00','dd-mm-yyyy hh24:mi'),to_date('03-04-2009 18:00','dd-mm-yyyy hh24:mi'),'1000000004');
INSERT INTO ASTA(ID_ASTA, RILANCIO_MIN, PREZZO_BASE, DATA_INIZIO, DATA_FINE, CODICE_OGGETTO) VALUES
('A000000005', 1000, 3000, to_date('03-02-2009 10:00','dd-mm-yyyy hh24:mi'),to_date('03-04-2009 18:00','dd-mm-yyyy hh24:mi'),'1000000005');
INSERT INTO ASTA(ID_ASTA, RILANCIO_MIN, PREZZO_BASE, DATA_INIZIO, DATA_FINE, CODICE_OGGETTO) VALUES
('A000000006', 1000, 2000, to_date('10-01-2009 10:00','dd-mm-yyyy hh24:mi'),to_date('10-02-2009 18:00','dd-mm-yyyy hh24:mi'),'1000000006');
INSERT INTO ASTA(ID_ASTA, RILANCIO_MIN, PREZZO_BASE, DATA_INIZIO, DATA_FINE, CODICE_OGGETTO) VALUES
('A000000007', 6600, 6000, to_date('11-01-2009 10:00','dd-mm-yyyy hh24:mi'),to_date('11-02-2009 18:00','dd-mm-yyyy hh24:mi'),'1000000007');
INSERT INTO ASTA(ID_ASTA, RILANCIO_MIN, PREZZO_BASE, DATA_INIZIO, DATA_FINE, CODICE_OGGETTO) VALUES
('A000000008', 2000, 100, to_date('13-02-2009 10:00','dd-mm-yyyy hh24:mi'),to_date('13-04-2009 18:00','dd-mm-yyyy hh24:mi'),'1000000008');
INSERT INTO ASTA(ID_ASTA, RILANCIO_MIN, PREZZO_BASE, DATA_INIZIO, DATA_FINE, CODICE_OGGETTO) VALUES
('A000000009', 1000, 50000, to_date('13-02-2009 10:00','dd-mm-yyyy hh24:mi'),to_date('15-02-2009 18:00','dd-mm-yyyy hh24:mi'),'1000000009');
INSERT INTO ASTA(ID_ASTA, RILANCIO_MIN, PREZZO_BASE, DATA_INIZIO, DATA_FINE, CODICE_OGGETTO) VALUES
('A000000010', 1800, 200, to_date('13-02-2009 10:00','dd-mm-yyyy hh24:mi'),to_date('13-04-2009 18:00','dd-mm-yyyy hh24:mi'),'1000000010');
INSERT INTO ASTA(ID_ASTA, RILANCIO_MIN, PREZZO_BASE, DATA_INIZIO, DATA_FINE, CODICE_OGGETTO) VALUES
('A000000011', 3000, 1300, to_date('21-01-2009 10:00','dd-mm-yyyy hh24:mi'),to_date('21-04-2009 18:00','dd-mm-yyyy hh24:mi'),'1000000011');
INSERT INTO ASTA(ID_ASTA, RILANCIO_MIN, PREZZO_BASE, DATA_INIZIO, DATA_FINE, CODICE_OGGETTO) VALUES
('A000000012', 6000, 2000, to_date('21-01-2009 10:00','dd-mm-yyyy hh24:mi'),to_date('11-02-2009 18:00','dd-mm-yyyy hh24:mi'),'1000000012');
INSERT INTO ASTA(ID_ASTA, RILANCIO_MIN, PREZZO_BASE, DATA_INIZIO, DATA_FINE, CODICE_OGGETTO) VALUES
('A000000013', 8000, 3000, to_date('22-01-2009 10:00','dd-mm-yyyy hh24:mi'),to_date('12-02-2009 18:00','dd-mm-yyyy hh24:mi'),'1000000013');
INSERT INTO ASTA(ID_ASTA, RILANCIO_MIN, PREZZO_BASE, DATA_INIZIO, DATA_FINE, CODICE_OGGETTO) VALUES
('A000000014', 9000, 4500, to_date('24-01-2009 10:00','dd-mm-yyyy hh24:mi'),to_date('24-04-2009 18:00','dd-mm-yyyy hh24:mi'),'1000000014');
INSERT INTO ASTA(ID_ASTA, RILANCIO_MIN, PREZZO_BASE, DATA_INIZIO, DATA_FINE, CODICE_OGGETTO) VALUES
('A000000015', 1000, 2500, to_date('24-01-2009 10:00','dd-mm-yyyy hh24:mi'),to_date('14-02-2009 18:00','dd-mm-yyyy hh24:mi'),'1000000015');
INSERT INTO ASTA(ID_ASTA, RILANCIO_MIN, PREZZO_BASE, DATA_INIZIO, DATA_FINE, CODICE_OGGETTO) VALUES
('A000000016', 6000, 2000, to_date('01-05-2009 10:00','dd-mm-yyyy hh24:mi'),to_date('01-06-2009 18:00','dd-mm-yyyy hh24:mi'),'1000000001');
INSERT INTO ASTA(ID_ASTA, RILANCIO_MIN, PREZZO_BASE, DATA_INIZIO, DATA_FINE, CODICE_OGGETTO) VALUES
('A000000017', 1500, 4000, to_date('01-05-2009 10:00','dd-mm-yyyy hh24:mi'),to_date('01-06-2009 18:00','dd-mm-yyyy hh24:mi'),'1000000002');
INSERT INTO ASTA(ID_ASTA, RILANCIO_MIN, PREZZO_BASE, DATA_INIZIO, DATA_FINE, CODICE_OGGETTO) VALUES
('A000000018', 3000, 3000, to_date('02-07-2009 10:00','dd-mm-yyyy hh24:mi'),to_date('02-08-2009 18:00','dd-mm-yyyy hh24:mi'),'1000000003');



-- TABELLA UTENTE
INSERT INTO UTENTE(LOGIN, PASSWORD, NOME,	COGNOME) VALUES
('CRISTIES', 'ASTA100','ROBERT','MILLER');
INSERT INTO UTENTE(LOGIN, PASSWORD, NOME,	COGNOME) VALUES
('ANTICANAPOLI','ASTA200','NICOLA','CORTESE');
INSERT INTO UTENTE(LOGIN, PASSWORD, NOME,	COGNOME) VALUES
('DOROTHEUM','ASTA300','SILVIO','ROSSI');
INSERT INTO UTENTE(LOGIN, PASSWORD, NOME,	COGNOME) VALUES
('FINARTE','ASTA400','GIANFRANCO','RUMBA');
INSERT INTO UTENTE(LOGIN, PASSWORD, NOME,	COGNOME) VALUES
('SOTHEBYS','ASTA500','DANIEL','HEAD');

-- TABELLA RILANCIATA
INSERT INTO RILANCIATA(ID_ASTA, LOGIN, PREZZO_RILANCIO) VALUES
('A000000015','SOTHEBYS',3500);
INSERT INTO RILANCIATA(ID_ASTA, LOGIN, PREZZO_RILANCIO) VALUES
('A000000015','CRISTIES',4000);
INSERT INTO RILANCIATA(ID_ASTA, LOGIN, PREZZO_RILANCIO) VALUES
('A000000015','ANTICANAPOLI',4500);
INSERT INTO RILANCIATA(ID_ASTA, LOGIN, PREZZO_RILANCIO) VALUES
('A000000014','SOTHEBYS',5000);
INSERT INTO RILANCIATA(ID_ASTA, LOGIN, PREZZO_RILANCIO) VALUES
('A000000014','CRISTIES',6000);
INSERT INTO RILANCIATA(ID_ASTA, LOGIN, PREZZO_RILANCIO) VALUES
('A000000013','SOTHEBYS',3100);
INSERT INTO RILANCIATA(ID_ASTA, LOGIN, PREZZO_RILANCIO) VALUES
('A000000013','CRISTIES',3200);
INSERT INTO RILANCIATA(ID_ASTA, LOGIN, PREZZO_RILANCIO) VALUES
('A000000013','DOROTHEUM',3500);
INSERT INTO RILANCIATA(ID_ASTA, LOGIN, PREZZO_RILANCIO) VALUES
('A000000012','SOTHEBYS',2100);
INSERT INTO RILANCIATA(ID_ASTA, LOGIN, PREZZO_RILANCIO) VALUES
('A000000012','CRISTIES',2200);
INSERT INTO RILANCIATA(ID_ASTA, LOGIN, PREZZO_RILANCIO) VALUES
('A000000012','ANTICANAPOLI',2400);
INSERT INTO RILANCIATA(ID_ASTA, LOGIN, PREZZO_RILANCIO) VALUES
('A000000012','DOROTHEUM',2800);
INSERT INTO RILANCIATA(ID_ASTA, LOGIN, PREZZO_RILANCIO) VALUES
('A000000011','CRISTIES',1500);
INSERT INTO RILANCIATA(ID_ASTA, LOGIN, PREZZO_RILANCIO) VALUES
('A000000010','SOTHEBYS',500);
INSERT INTO RILANCIATA(ID_ASTA, LOGIN, PREZZO_RILANCIO) VALUES
('A000000010','DOROTHEUM',800);
INSERT INTO RILANCIATA(ID_ASTA, LOGIN, PREZZO_RILANCIO) VALUES
('A000000009','CRISTIES',600);
INSERT INTO RILANCIATA(ID_ASTA, LOGIN, PREZZO_RILANCIO) VALUES
('A000000009','FINARTE',1600);
INSERT INTO RILANCIATA(ID_ASTA, LOGIN, PREZZO_RILANCIO) VALUES
('A000000009','CRISTIES',2600);
INSERT INTO RILANCIATA(ID_ASTA, LOGIN, PREZZO_RILANCIO) VALUES
('A000000009','FINARTE',5000);
INSERT INTO RILANCIATA(ID_ASTA, LOGIN, PREZZO_RILANCIO) VALUES
('A000000009','CRISTIES',6000);
INSERT INTO RILANCIATA(ID_ASTA, LOGIN, PREZZO_RILANCIO) VALUES
('A000000009','FINARTE',10000);
INSERT INTO RILANCIATA(ID_ASTA, LOGIN, PREZZO_RILANCIO) VALUES
('A000000008','SOTHEBYS',200);
INSERT INTO RILANCIATA(ID_ASTA, LOGIN, PREZZO_RILANCIO) VALUES
('A000000008','CRISTIES',400);
INSERT INTO RILANCIATA(ID_ASTA, LOGIN, PREZZO_RILANCIO) VALUES
('A000000008','ANTICANAPOLI',600);
INSERT INTO RILANCIATA(ID_ASTA, LOGIN, PREZZO_RILANCIO) VALUES
('A000000007','CRISTIES',10000);
INSERT INTO RILANCIATA(ID_ASTA, LOGIN, PREZZO_RILANCIO) VALUES
('A000000006','CRISTIES',3000);
INSERT INTO RILANCIATA(ID_ASTA, LOGIN, PREZZO_RILANCIO) VALUES
('A000000006','FINARTE',4000);
INSERT INTO RILANCIATA(ID_ASTA, LOGIN, PREZZO_RILANCIO) VALUES
('A000000005','SOTHEBYS',4000);
INSERT INTO RILANCIATA(ID_ASTA, LOGIN, PREZZO_RILANCIO) VALUES
('A000000005','DOROTHEUM',4100);
INSERT INTO RILANCIATA(ID_ASTA, LOGIN, PREZZO_RILANCIO) VALUES
('A000000005','FINARTE',4150);
INSERT INTO RILANCIATA(ID_ASTA, LOGIN, PREZZO_RILANCIO) VALUES
('A000000004','ANTICANAPOLI',2000);
INSERT INTO RILANCIATA(ID_ASTA, LOGIN, PREZZO_RILANCIO) VALUES
('A000000003','FINARTE',3100);
INSERT INTO RILANCIATA(ID_ASTA, LOGIN, PREZZO_RILANCIO) VALUES
('A000000002','FINARTE',4000);
INSERT INTO RILANCIATA(ID_ASTA, LOGIN, PREZZO_RILANCIO) VALUES
('A000000001','SOTHEBYS',6000);
INSERT INTO RILANCIATA(ID_ASTA, LOGIN, PREZZO_RILANCIO) VALUES
('A000000001','CRISTIES',7000);
INSERT INTO RILANCIATA(ID_ASTA, LOGIN, PREZZO_RILANCIO) VALUES
('A000000018','FINARTE',3100);
INSERT INTO RILANCIATA(ID_ASTA, LOGIN, PREZZO_RILANCIO) VALUES
('A000000018','SOTHEBYS',5200);
INSERT INTO RILANCIATA(ID_ASTA, LOGIN, PREZZO_RILANCIO) VALUES
('A000000017','FINARTE',4000);
INSERT INTO RILANCIATA(ID_ASTA, LOGIN, PREZZO_RILANCIO) VALUES
('A000000017','SOTHEBYS',6000);
INSERT INTO RILANCIATA(ID_ASTA, LOGIN, PREZZO_RILANCIO) VALUES
('A000000017','FINARTE',8000);
INSERT INTO RILANCIATA(ID_ASTA, LOGIN, PREZZO_RILANCIO) VALUES
('A000000016','SOTHEBYS',7000);
INSERT INTO RILANCIATA(ID_ASTA, LOGIN, PREZZO_RILANCIO) VALUES
('A000000016','CRISTIES',13000);
INSERT INTO RILANCIATA(ID_ASTA, LOGIN, PREZZO_RILANCIO) VALUES
('A000000016','SOTHEBYS',19000);



-- tabella VENDITA

INSERT INTO VENDITA(FATTURA,DATA_RICEZ_PAG, TIPO_PAGAMENTO, PREZZO_FINALE,CF, VIA,CIVICO,CAP, CITTA, ID_ASTA) VALUES
('F000000001',to_date('30-06-2009 10:00','dd-mm-yyyy hh24:mi'),'BONIFICO', 10000, '1111111111111111','VIA DEI MILLE','32','10100','FIRENZE', 'A000000006');
INSERT INTO VENDITA(FATTURA,DATA_RICEZ_PAG, TIPO_PAGAMENTO, PREZZO_FINALE,CF, VIA,CIVICO,CAP, CITTA, ID_ASTA) VALUES
('F000000002',to_date('30-06-2009 10:00','dd-mm-yyyy hh24:mi'),'BONIFICO', 10000, '2222222222222222','VIA DELLA REPUBBLICA','33','10500','MILANO', 'A000000007');
INSERT INTO VENDITA(FATTURA,DATA_RICEZ_PAG, TIPO_PAGAMENTO, PREZZO_FINALE,CF, VIA,CIVICO,CAP, CITTA, ID_ASTA) VALUES
('F000000003',to_date('30-06-2009 10:00','dd-mm-yyyy hh24:mi'),'BONIFICO', 10000, '1111111111111111','VIA DEI MILLE','32','10100','FIRENZE', 'A000000009');
INSERT INTO VENDITA(FATTURA,DATA_RICEZ_PAG, TIPO_PAGAMENTO, PREZZO_FINALE,CF, VIA,CIVICO,CAP, CITTA, ID_ASTA) VALUES
('F000000004',to_date('30-06-2009 10:00','dd-mm-yyyy hh24:mi'),'BONIFICO', 10000, '3333333333333333','VIA SAN LUCA','12','10200','BOLOGNA', 'A000000012');
INSERT INTO VENDITA(FATTURA,DATA_RICEZ_PAG, TIPO_PAGAMENTO, PREZZO_FINALE,CF, VIA,CIVICO,CAP, CITTA, ID_ASTA) VALUES
('F000000005',to_date('30-06-2009 10:00','dd-mm-yyyy hh24:mi'),'BONIFICO', 10000, '4444444444444444','VIA MASANIELLO','17','10400','NAPOLI', 'A000000013');
INSERT INTO VENDITA(FATTURA,DATA_RICEZ_PAG, TIPO_PAGAMENTO, PREZZO_FINALE,CF, VIA,CIVICO,CAP, CITTA, ID_ASTA) VALUES
('F000000006',to_date('30-06-2009 10:00','dd-mm-yyyy hh24:mi'),'BONIFICO', 10000, '5555555555555555','VIA COMIZIANO','24','10500','MILANO', 'A000000015');


commit;