INSERT INTO ALLEVAMENTO (PARTITA_IVA,NOME_ALLEVAMENTO,VIA,CIVICO,CAP,CITTA) VALUES ('17657040949','ALLEVAMENTO AKITA INU NAPOLI DI STASIO','VIA DIAZ',1,'80018','NAPOLI');        
INSERT INTO ALLEVAMENTO (PARTITA_IVA,NOME_ALLEVAMENTO,VIA,CIVICO,CAP,CITTA) VALUES ('47762045009','AFFIDA FIDO','VIA REGINELLA',18,'39591','RAVENNA');                            
INSERT INTO ALLEVAMENTO (PARTITA_IVA,NOME_ALLEVAMENTO,VIA,CIVICO,CAP,CITTA) VALUES ('12656730756','ALLEVAMENTO DEL CAMPIONE','INCROCIO GRASSI',2,'66800','POTENZA');              
INSERT INTO ALLEVAMENTO (PARTITA_IVA,NOME_ALLEVAMENTO,VIA,CIVICO,CAP,CITTA) VALUES ('15569140948','ALLEVAMENTO BUFERA','STRADA SORRENTINO',31,'87271','OGLIASTRA');               
INSERT INTO ALLEVAMENTO (PARTITA_IVA,NOME_ALLEVAMENTO,VIA,CIVICO,CAP,CITTA) VALUES ('56814411205','FISH AND CHIPS','INCROCIO PELLEGRINO',173,'74578','PESCARA');                  
INSERT INTO ALLEVAMENTO (PARTITA_IVA,NOME_ALLEVAMENTO,VIA,CIVICO,CAP,CITTA) VALUES ('21535780080','BUGS BUNNY HOUSE','ROTONDA RIZZI',9,'60222','CROTONE');                       
INSERT INTO ALLEVAMENTO (PARTITA_IVA,NOME_ALLEVAMENTO,VIA,CIVICO,CAP,CITTA) VALUES ('51757200517','MEOWHOUSE','ROTONDA RUSSO',8,'43964','NOVARA');                                
INSERT INTO ALLEVAMENTO (PARTITA_IVA,NOME_ALLEVAMENTO,VIA,CIVICO,CAP,CITTA) VALUES ('61366520023','HOUSE OF CUCCIOLI','CONTRADA GATTI',5,'72820','ISERNIA');                       
INSERT INTO ALLEVAMENTO (PARTITA_IVA,NOME_ALLEVAMENTO,VIA,CIVICO,CAP,CITTA) VALUES ('48444690514','OCCHI DI GATTO','VIA D''AMICO',39,'25907','BOLZANO');                          
INSERT INTO ALLEVAMENTO (PARTITA_IVA,NOME_ALLEVAMENTO,VIA,CIVICO,CAP,CITTA) VALUES ('48354930041','ALLEVAMENTO SANGUE FREDDO','STRADA GRASSI',5,'74319','ROVIGO');                
INSERT INTO ALLEVAMENTO (PARTITA_IVA,NOME_ALLEVAMENTO,VIA,CIVICO,CAP,CITTA) VALUES ('73614590476','ALLEVAMENTO SERPEVERDE','VIA TESTA',5,'36894','MILANO');                           
INSERT INTO ALLEVAMENTO (PARTITA_IVA,NOME_ALLEVAMENTO,VIA,CIVICO,CAP,CITTA) VALUES ('56851440620','ALLEVAMENTO MARI E MONTI','CONTRADA GILDA',60,'52311','PISTOIA');               
INSERT INTO ALLEVAMENTO (PARTITA_IVA,NOME_ALLEVAMENTO,VIA,CIVICO,CAP,CITTA) VALUES ('75048620290','VIA COL VENTO','INCROCIO INGRID',99,'54470','GENOVA');                         
INSERT INTO ALLEVAMENTO (PARTITA_IVA,NOME_ALLEVAMENTO,VIA,CIVICO,CAP,CITTA) VALUES ('42926360316','10.000 LEGHE SOTTO I MARI','INCROCIO GERLANDO',296,'34995','NOVARA');          
INSERT INTO ALLEVAMENTO (PARTITA_IVA,NOME_ALLEVAMENTO,VIA,CIVICO,CAP,CITTA) VALUES ('76781600762','LA SUINICOLTURA','ROTONDA MARCELLA',34,'24662','MATERA');                      
INSERT INTO ALLEVAMENTO (PARTITA_IVA,NOME_ALLEVAMENTO,VIA,CIVICO,CAP,CITTA) VALUES ('36271823347','ALLEVAMENTO GOLDEN RETRIEVER','GARIBALDI',2,'80044','OTTAVIANO'); 
COMMIT;

INSERT INTO ANIMALE (PARTITA_IVA_ALLEVAMENTO,CODICE_ANIMALE,PESO,DATA_ACQUISIZIONE,SESSO,REPARTO,TIPO,RAZZA,COSTO_ACQUISIZIONE) VALUES ('17657040949','000000035770',6,TO_DATE('11/12/2021','DD/MM/YYYY'),'M',03,'CANE','AKITA INU',600);
INSERT INTO ANIMALE (PARTITA_IVA_ALLEVAMENTO,CODICE_ANIMALE,PESO,DATA_ACQUISIZIONE,SESSO,REPARTO,TIPO,RAZZA,COSTO_ACQUISIZIONE) VALUES ('47762045009','000000035781',6,TO_DATE('19/12/2021','DD/MM/YYYY'),'M',03,'CANE','HUSKY SIBERIANO',550);
INSERT INTO ANIMALE (PARTITA_IVA_ALLEVAMENTO,CODICE_ANIMALE,PESO,DATA_ACQUISIZIONE,SESSO,REPARTO,TIPO,RAZZA,COSTO_ACQUISIZIONE) VALUES ('47762045009','111883167902',6,TO_DATE('13/12/2021','DD/MM/YYYY'),'F',03,'CANE','HUSKY SIBERIANO',850);
INSERT INTO ANIMALE (PARTITA_IVA_ALLEVAMENTO,CODICE_ANIMALE,PESO,DATA_ACQUISIZIONE,SESSO,REPARTO,TIPO,RAZZA,COSTO_ACQUISIZIONE) VALUES ('51757200517','111973402274',4,TO_DATE('18/12/2021','DD/MM/YYYY'),'M',04,'GATTO','BRITISH SHORTAIR',500);
INSERT INTO ANIMALE (PARTITA_IVA_ALLEVAMENTO,CODICE_ANIMALE,PESO,DATA_ACQUISIZIONE,SESSO,REPARTO,TIPO,RAZZA,COSTO_ACQUISIZIONE) VALUES ('48444690514','112419037696',1,TO_DATE('03/12/2021','DD/MM/YYYY'),'M',04,'GATTO','MAINE COON',500);
INSERT INTO ANIMALE (PARTITA_IVA_ALLEVAMENTO,CODICE_ANIMALE,PESO,DATA_ACQUISIZIONE,SESSO,REPARTO,TIPO,RAZZA,COSTO_ACQUISIZIONE) VALUES ('21535780080','111790614514',1.5,TO_DATE('09/12/2021','DD/MM/YYYY'),'M',05,'CONIGLIO','NANO ARIETE',10);
INSERT INTO ANIMALE (PARTITA_IVA_ALLEVAMENTO,CODICE_ANIMALE,PESO,DATA_ACQUISIZIONE,SESSO,REPARTO,TIPO,RAZZA,COSTO_ACQUISIZIONE) VALUES ('42926360316','111206770586',1.3,TO_DATE('19/12/2021','DD/MM/YYYY'),'F',08,'PESCE','PESCE PAGLIACCIO',5);
INSERT INTO ANIMALE (PARTITA_IVA_ALLEVAMENTO,CODICE_ANIMALE,PESO,DATA_ACQUISIZIONE,SESSO,REPARTO,TIPO,RAZZA,COSTO_ACQUISIZIONE) VALUES ('56851440620','112542139480',4,TO_DATE('03/12/2021','DD/MM/YYYY'),'F',13,'ANFIBIO','SALIENTIA',40);
INSERT INTO ANIMALE (PARTITA_IVA_ALLEVAMENTO,CODICE_ANIMALE,PESO,DATA_ACQUISIZIONE,SESSO,REPARTO,TIPO,RAZZA,COSTO_ACQUISIZIONE) VALUES ('76781600762','112735546141',30,TO_DATE('10/12/2021','DD/MM/YYYY'),'M',09,'MAIALINO NANO','MICRO PIG',40);
INSERT INTO ANIMALE (PARTITA_IVA_ALLEVAMENTO,CODICE_ANIMALE,PESO,DATA_ACQUISIZIONE,SESSO,REPARTO,TIPO,RAZZA,COSTO_ACQUISIZIONE) VALUES ('48354930041','112031056011',3,TO_DATE('03/12/2021','DD/MM/YYYY'),'M',06,'RETTILE','LUCERTOLA',60);
INSERT INTO ANIMALE (PARTITA_IVA_ALLEVAMENTO,CODICE_ANIMALE,PESO,DATA_ACQUISIZIONE,SESSO,REPARTO,TIPO,RAZZA,COSTO_ACQUISIZIONE) VALUES ('48354930041','112031056012',2,TO_DATE('14/12/2021','DD/MM/YYYY'),'M',07,'VOLATILE','UCCELLO COCORITA',10);
INSERT INTO ANIMALE (PARTITA_IVA_ALLEVAMENTO,CODICE_ANIMALE,PESO,DATA_ACQUISIZIONE,SESSO,REPARTO,TIPO,RAZZA,COSTO_ACQUISIZIONE) VALUES ('48354930041','112031056013',0.5,TO_DATE('10/12/2021','DD/MM/YYYY'),'M',08,'PESCE','PESCE ROSSO',5);
INSERT INTO ANIMALE (PARTITA_IVA_ALLEVAMENTO,CODICE_ANIMALE,PESO,DATA_ACQUISIZIONE,SESSO,REPARTO,TIPO,RAZZA,COSTO_ACQUISIZIONE) VALUES ('48354930041','112031056014',0.6,TO_DATE('19/12/2021','DD/MM/YYYY'),'F',13,'ANFIBIO','RANA DI RISAIA',20);
INSERT INTO ANIMALE (PARTITA_IVA_ALLEVAMENTO,CODICE_ANIMALE,PESO,DATA_ACQUISIZIONE,SESSO,REPARTO,TIPO,RAZZA,COSTO_ACQUISIZIONE) VALUES ('48354930041','112031056015',5,TO_DATE('10/12/2021','DD/MM/YYYY'),'F',04,'GATTO','GATTO PERSIANO',300);
INSERT INTO ANIMALE (PARTITA_IVA_ALLEVAMENTO,CODICE_ANIMALE,PESO,DATA_ACQUISIZIONE,SESSO,REPARTO,TIPO,RAZZA,COSTO_ACQUISIZIONE) VALUES ('48354930041','112031056016',3,TO_DATE('11/12/2021','DD/MM/YYYY'),'F',01,'CANE','BASSOTTO',450);
INSERT INTO ANIMALE (PARTITA_IVA_ALLEVAMENTO,CODICE_ANIMALE,PESO,DATA_ACQUISIZIONE,SESSO,REPARTO,TIPO,RAZZA,COSTO_ACQUISIZIONE) VALUES ('36271823347','138213832112',7,TO_DATE('10/12/2021','DD/MM/YYYY'),'M',02,'CANE','GOLDEN RETRIEVER',500);
INSERT INTO ANIMALE (PARTITA_IVA_ALLEVAMENTO,CODICE_ANIMALE,PESO,DATA_ACQUISIZIONE,SESSO,REPARTO,TIPO,RAZZA,COSTO_ACQUISIZIONE) VALUES ('36271823347','142355326626',8,TO_DATE('12/12/2021','DD/MM/YYYY'),'F',02,'CANE','LABRADOR',600);
INSERT INTO ANIMALE (PARTITA_IVA_ALLEVAMENTO,CODICE_ANIMALE,PESO,DATA_ACQUISIZIONE,SESSO,REPARTO,TIPO,RAZZA,COSTO_ACQUISIZIONE) VALUES ('36271823347','272166786882',5,TO_DATE('13/12/2021','DD/MM/YYYY'),'F',02,'CANE','BASSOTTO',700);
INSERT INTO ANIMALE (PARTITA_IVA_ALLEVAMENTO,CODICE_ANIMALE,PESO,DATA_ACQUISIZIONE,SESSO,REPARTO,TIPO,RAZZA,COSTO_ACQUISIZIONE) VALUES ('36271823347','253786364772',5,TO_DATE('14/12/2021','DD/MM/YYYY'),'F',02,'CANE','GOLDEN RETRIEVER',650);
INSERT INTO ANIMALE (PARTITA_IVA_ALLEVAMENTO,CODICE_ANIMALE,PESO,DATA_ACQUISIZIONE,SESSO,REPARTO,TIPO,RAZZA,COSTO_ACQUISIZIONE) VALUES ('48444690514','261786363887',5,TO_DATE('14/12/2021','DD/MM/YYYY'),'M',04,'GATTO','SCOTTISH FOLD',920);
COMMIT;

INSERT INTO CLIENTE (CF,NOME,SECONDO_NOME,COGNOME,DATA_NASCITA,VIA,CIVICO,CAP,CITTA,SESSO,NUMERO_CELLULARE,EMAIL) VALUES ('DNSMTT00P23F839I','MATTIA',NULL,'DANISI',TO_DATE('23/09/2000','DD/MM/YYYY'),'SANSONE',54,'80018','MUGNANO DI NAPOLI','M','3313598047','MATTIADANISI@OUTLOOK.IT');
INSERT INTO CLIENTE (CF,NOME,SECONDO_NOME,COGNOME,DATA_NASCITA,VIA,CIVICO,CAP,CITTA,SESSO,NUMERO_CELLULARE,EMAIL) VALUES ('BNCMRA70A20H501B','MARIO',NULL,'BIANCHI',TO_DATE('20/01/1970','DD/MM/YYYY'),'LEOPARDI',12,'80011','ACERRA','M','3394555789','BIANCHIMARIO@OUTLOOK.IT');
INSERT INTO CLIENTE (CF,NOME,SECONDO_NOME,COGNOME,DATA_NASCITA,VIA,CIVICO,CAP,CITTA,SESSO,NUMERO_CELLULARE,EMAIL) VALUES ('RSSMRA66A02A408M','MARIO',NULL,'ROSSI',TO_DATE('02/01/1966','DD/MM/YYYY'),'PADULA',10,'80023','CAIVANO','M','3456789146','MARIOROSSI66@GMAIL.COM');
INSERT INTO CLIENTE (CF,NOME,SECONDO_NOME,COGNOME,DATA_NASCITA,VIA,CIVICO,CAP,CITTA,SESSO,NUMERO_CELLULARE,EMAIL) VALUES ('DFLTRS87P29F389F','TERESA',NULL,'FALCO',TO_DATE ('29/09/1987','DD/MM/YYYY'),'MANZONI',14,'80055','PORTICI','F','3386504875','TERESADEFALCO987@HOTMAIL.IT');
INSERT INTO CLIENTE (CF,NOME,SECONDO_NOME,COGNOME,DATA_NASCITA,VIA,CIVICO,CAP,CITTA,SESSO,NUMERO_CELLULARE,EMAIL) VALUES ('SPSFNC83L51A509B','FRANCESCA',NULL,'ESPOSITO', TO_DATE('11/07/1983','DD/MM/YYYY'),'TROISI',33,'80044','OTTAVIANO','F','3774348235','ESPOSITOFRANCESCA83@ALICE.IT');
INSERT INTO CLIENTE (CF,NOME,SECONDO_NOME,COGNOME,DATA_NASCITA,VIA,CIVICO,CAP,CITTA,SESSO,NUMERO_CELLULARE,EMAIL) VALUES ('TSCNNP90M01B963D','ANTONIO','PIO','TOSCANO',TO_DATE('01/08/1990','DD/MM/YYYY'),'MEAZZA',7,'81012','ALVIGNANO','M','3387849099','ANTONIOPIO90@GMAIL.COM');
INSERT INTO CLIENTE (CF,NOME,SECONDO_NOME,COGNOME,DATA_NASCITA,VIA,CIVICO,CAP,CITTA,SESSO,NUMERO_CELLULARE,EMAIL) VALUES ('RMMCRL85A62A509Z','CARLA',NULL,'AURIEMMA',TO_DATE('22/01/1980','DD/MM/YYYY'),'BROMBEIS',55,'81100','CASERTA','F','3392114768','CARLAAURIEMMA@OUTLOOK.IT');
INSERT INTO CLIENTE (CF,NOME,SECONDO_NOME,COGNOME,DATA_NASCITA,VIA,CIVICO,CAP,CITTA,SESSO,NUMERO_CELLULARE,EMAIL) VALUES ('TRRLNZ99C19F839S','LORENZO', NULL,'TERRACCIANO',TO_DATE('19/03/1999','DD/MM/YYYY'),'CIMITERO',44,'80013','CASALNUOVO DI NAPOLI','M','3445679134','LORENZOTERR99@GMAIL.COM');
INSERT INTO CLIENTE (CF,NOME,SECONDO_NOME,COGNOME,DATA_NASCITA,VIA,CIVICO,CAP,CITTA,SESSO,NUMERO_CELLULARE,EMAIL) VALUES ('CRLMFR75M56F839U','MARIA','FRANCESCA','CERULLO',TO_DATE('16/07/1975','DD/MM/YYYY'),'BRUNO',3,'80040','CERCOLA','F','3391236145','MARIAFRANCESCA75@HOTMAIL.IT');
INSERT INTO CLIENTE (CF,NOME,SECONDO_NOME,COGNOME,DATA_NASCITA,VIA,CIVICO,CAP,CITTA,SESSO,NUMERO_CELLULARE,EMAIL) VALUES ('MRNVCN88T17B963G','VINCENZO', NULL,'MARINELLI',TO_DATE('17/12/1988','DD/MM/YYYY'),'FOSCOLO',18,'80022','ARZANO','M','3685428193','VINCENZOMARI88@GMAIL.COM');
INSERT INTO CLIENTE (CF,NOME,SECONDO_NOME,COGNOME,DATA_NASCITA,VIA,CIVICO,CAP,CITTA,SESSO,NUMERO_CELLULARE,EMAIL) VALUES ('MMEGLI00B60F839J','GIULIA',NULL,'EMMI',TO_DATE('20/02/2000','DD/MM/YYYY'),'MAIORANA',65,'80041','BOSCOREALE','F','3284455145','GIULIA2000@OUTLOOK.IT');
INSERT INTO CLIENTE (CF,NOME,SECONDO_NOME,COGNOME,DATA_NASCITA,VIA,CIVICO,CAP,CITTA,SESSO,NUMERO_CELLULARE,EMAIL) VALUES ('DNNFRC75E15H703B','FEDERICO', NULL,'DONNARUMMA',TO_DATE('15/05/1975','DD/MM/YYYY'),'LEONE',11,'84043','AGROPOLI','M','3387435123','FEDEDONNA@ALICE.IT');
INSERT INTO CLIENTE (CF,NOME,SECONDO_NOME,COGNOME,DATA_NASCITA,VIA,CIVICO,CAP,CITTA,SESSO,NUMERO_CELLULARE,EMAIL) VALUES ('DMGLGU77R07F839V','LUIGI', NULL, 'MEGLIO', TO_DATE('07/10/1977','DD/MM/YYYY'),'MADONNA STELLA',24,'80025','CASANDRINO','M','3476854346','LUIGIDIMEGL@HOTMAIL.IT');
INSERT INTO CLIENTE (CF,NOME,SECONDO_NOME,COGNOME,DATA_NASCITA,VIA,CIVICO,CAP,CITTA,SESSO,NUMERO_CELLULARE,EMAIL) VALUES ('VLLPIA94T59H703Z','PIA', NULL,'VALLE',TO_DATE('19/12/1994','DD/MM/YYYY'),'EUROPA',44,'84015','NOCERA INFERIORE', 'F','3457894199','VALLEPIA94@GMAIL.COM');
INSERT INTO CLIENTE (CF,NOME,SECONDO_NOME,COGNOME,DATA_NASCITA,VIA,CIVICO,CAP,CITTA,SESSO,NUMERO_CELLULARE,EMAIL) VALUES ('LBNRRT77S10F839Z','ROBERTO', NULL,'ALBANO',TO_DATE('10/11/1977','DD/MM/YYYY'),'CANTONE',33,'80038','POMIGLIANO D''ARCO','M','3457965134','ALBANROBER@GMAIL.COM');
INSERT INTO CLIENTE (CF,NOME,SECONDO_NOME,COGNOME,DATA_NASCITA,VIA,CIVICO,CAP,CITTA,SESSO,NUMERO_CELLULARE,EMAIL) VALUES ('GRRLNG84M25F839Z','GERARDO',NULL,'LONGO',TO_DATE('25/08/1984','DD/MM/YYYY'),'ASTRONAUTI',26,'80038','POMIGLIANO D''ARCO','M','3397578456','GERRYLONGO@HOTMAIL.IT');
INSERT INTO CLIENTE (CF,NOME,SECONDO_NOME,COGNOME,DATA_NASCITA,VIA,CIVICO,CAP,CITTA,SESSO,NUMERO_CELLULARE,EMAIL) VALUES ('MNPNCL80A59A509N','NICOLE', NULL,'MINOPOLI',TO_DATE('19/01/1980','DD/MM/YYYY'),'CIMITERO',11,'80031','BRUSCIANO','F','3384498734','NICOLEMINOPOLI80@GMAIL.COM');
INSERT INTO CLIENTE (CF,NOME,SECONDO_NOME,COGNOME,DATA_NASCITA,VIA,CIVICO,CAP,CITTA,SESSO,NUMERO_CELLULARE,EMAIL) VALUES ('CHRGMT78S17F839K','CHRISTIAN', NULL,'GREMITO',TO_DATE('17/11/1978','DD/MM/YYYY'),'IMBRIANI',56,'80055','PORTICI','M','3386809492','CHRISGREM@HOTMAIL.IT');
INSERT INTO CLIENTE (CF,NOME,SECONDO_NOME,COGNOME,DATA_NASCITA,VIA,CIVICO,CAP,CITTA,SESSO,NUMERO_CELLULARE,EMAIL) VALUES ('SPSGAI92T58F839H','GAIA',NULL,'ESPOSITO',TO_DATE('18/12/1992','DD/MM/YYYY'),'MARINA',67,'80121','NAPOLI','F','3458987345','GAIAESPO@OUTLOOK.IT');
INSERT INTO CLIENTE (CF,NOME,SECONDO_NOME,COGNOME,DATA_NASCITA,VIA,CIVICO,CAP,CITTA,SESSO,NUMERO_CELLULARE,EMAIL) VALUES ('SBRBNC80R41F839T','SABRINA',NULL,'BRANCA',TO_DATE('01/10/1980','DD/MM/YYYY'),'MAZZINI',32,'80038','POMIGLIANO D''ARCO','F','3387475896','SABRINABRANCA@GMAIL.COM');
INSERT INTO CLIENTE (CF,NOME,SECONDO_NOME,COGNOME,DATA_NASCITA,VIA,CIVICO,CAP,CITTA,SESSO,NUMERO_CELLULARE,EMAIL) VALUES ('RGGLSS78H20F839H','ALESSIO',NULL,'RUGGIERO',TO_DATE('20/06/1978','DD/MM/YYYY'),'EUROPA',12,'81100','CASERTA','M','3697823174','ALERUGG@OUTLOOK.IT');
INSERT INTO CLIENTE (CF,NOME,SECONDO_NOME,COGNOME,DATA_NASCITA,VIA,CIVICO,CAP,CITTA,SESSO,NUMERO_CELLULARE,EMAIL) VALUES ('LCVNTN99C17A024R','ANTONIO', NULL, 'LACAVA', TO_DATE('17/03/1999','DD/MM/YYYY'),'UMBERTO',89,'80121','NAPOLI','M','3394858376','ANTONLACAV@OUTLOOK.IT');
INSERT INTO CLIENTE (CF,NOME,SECONDO_NOME,COGNOME,DATA_NASCITA,VIA,CIVICO,CAP,CITTA,SESSO,NUMERO_CELLULARE,EMAIL) VALUES ('SPSLRA02H54F839K','LARA',NULL,'ESPOSITO',TO_DATE('14/06/2002','DD/MM/YYYY'),'GARIBALDI',10,'80044','OTTAVIANO','F','3458899567','LARAESPOSIT@GMAIL.COM');
INSERT INTO CLIENTE (CF,NOME,SECONDO_NOME,COGNOME,DATA_NASCITA,VIA,CIVICO,CAP,CITTA,SESSO,NUMERO_CELLULARE,EMAIL) VALUES ('DGNGPP98S21F839S','GIUSEPPE',NULL,'GENNARINO',TO_DATE('21/11/1998','DD/MM/YYYY'),'FOSCOLO',10,'80022','ARZANO','M','3686765329','GIUSEDIGENN@GMAIL.COM');
COMMIT;

INSERT INTO ADOTTA (CODICE_ANIMALE,DATA_ADOZIONE,PREZZO_ADOZIONE,CF_CLIENTE) VALUES ('000000035770',TO_DATE('15/01/2022','DD/MM/YYYY'),400,'DNSMTT00P23F839I');
INSERT INTO ADOTTA (CODICE_ANIMALE,DATA_ADOZIONE,PREZZO_ADOZIONE,CF_CLIENTE) VALUES ('000000035781',TO_DATE('20/02/2022','DD/MM/YYYY'),1000,'DGNGPP98S21F839S');
INSERT INTO ADOTTA (CODICE_ANIMALE,DATA_ADOZIONE,PREZZO_ADOZIONE,CF_CLIENTE) VALUES ('111883167902',TO_DATE('17/02/2022','DD/MM/YYYY'),1500,'SPSLRA02H54F839K');
INSERT INTO ADOTTA (CODICE_ANIMALE,DATA_ADOZIONE,PREZZO_ADOZIONE,CF_CLIENTE) VALUES ('111973402274',TO_DATE('28/02/2022','DD/MM/YYYY'),1000,'LCVNTN99C17A024R');
INSERT INTO ADOTTA (CODICE_ANIMALE,DATA_ADOZIONE,PREZZO_ADOZIONE,CF_CLIENTE) VALUES ('112419037696',TO_DATE('10/03/2022','DD/MM/YYYY'),1000,'RGGLSS78H20F839H');
INSERT INTO ADOTTA (CODICE_ANIMALE,DATA_ADOZIONE,PREZZO_ADOZIONE,CF_CLIENTE) VALUES ('111790614514',TO_DATE('12/03/2022','DD/MM/YYYY'),35,'SBRBNC80R41F839T');
INSERT INTO ADOTTA (CODICE_ANIMALE,DATA_ADOZIONE,PREZZO_ADOZIONE,CF_CLIENTE) VALUES ('111206770586',TO_DATE('21/03/2022','DD/MM/YYYY'),20,'MNPNCL80A59A509N');
INSERT INTO ADOTTA (CODICE_ANIMALE,DATA_ADOZIONE,PREZZO_ADOZIONE,CF_CLIENTE) VALUES ('112542139480',TO_DATE('10/04/2022','DD/MM/YYYY'),100,'BNCMRA70A20H501B');
INSERT INTO ADOTTA (CODICE_ANIMALE,DATA_ADOZIONE,PREZZO_ADOZIONE,CF_CLIENTE) VALUES ('112735546141',TO_DATE('12/04/2022','DD/MM/YYYY'),100,'RSSMRA66A02A408M');
INSERT INTO ADOTTA (CODICE_ANIMALE,DATA_ADOZIONE,PREZZO_ADOZIONE,CF_CLIENTE) VALUES ('112031056011',TO_DATE('05/04/2022','DD/MM/YYYY'),150,'MRNVCN88T17B963G');
INSERT INTO ADOTTA (CODICE_ANIMALE,DATA_ADOZIONE,PREZZO_ADOZIONE,CF_CLIENTE) VALUES ('112031056012',TO_DATE('21/01/2022','DD/MM/YYYY'),30,'MMEGLI00B60F839J');
INSERT INTO ADOTTA (CODICE_ANIMALE,DATA_ADOZIONE,PREZZO_ADOZIONE,CF_CLIENTE) VALUES ('112031056013',TO_DATE('20/02/2022','DD/MM/YYYY'),15,'DFLTRS87P29F389F');
INSERT INTO ADOTTA (CODICE_ANIMALE,DATA_ADOZIONE,PREZZO_ADOZIONE,CF_CLIENTE) VALUES ('112031056014',TO_DATE('23/03/2022','DD/MM/YYYY'),50,'SPSFNC83L51A509B');
INSERT INTO ADOTTA (CODICE_ANIMALE,DATA_ADOZIONE,PREZZO_ADOZIONE,CF_CLIENTE) VALUES ('112031056015',TO_DATE('12/04/2022','DD/MM/YYYY'),700,'TSCNNP90M01B963D');
INSERT INTO ADOTTA (CODICE_ANIMALE,DATA_ADOZIONE,PREZZO_ADOZIONE,CF_CLIENTE) VALUES ('112031056016',TO_DATE('12/05/2022','DD/MM/YYYY'),1000,'RMMCRL85A62A509Z');
INSERT INTO ADOTTA (CODICE_ANIMALE,DATA_ADOZIONE,PREZZO_ADOZIONE,CF_CLIENTE) VALUES ('138213832112',TO_DATE('13/05/2022','DD/MM/YYYY'),1000,'TRRLNZ99C19F839S');
INSERT INTO ADOTTA (CODICE_ANIMALE,DATA_ADOZIONE,PREZZO_ADOZIONE,CF_CLIENTE) VALUES ('142355326626',TO_DATE('14/05/2022','DD/MM/YYYY'),1200,'CRLMFR75M56F839U');
INSERT INTO ADOTTA (CODICE_ANIMALE,DATA_ADOZIONE,PREZZO_ADOZIONE,CF_CLIENTE) VALUES ('272166786882',TO_DATE('15/05/2022','DD/MM/YYYY'),1300,'DNNFRC75E15H703B');
INSERT INTO ADOTTA (CODICE_ANIMALE,DATA_ADOZIONE,PREZZO_ADOZIONE,CF_CLIENTE) VALUES ('261786363887',TO_DATE('15/05/2022','DD/MM/YYYY'),2000,'VLLPIA94T59H703Z');
INSERT INTO ADOTTA (CODICE_ANIMALE,DATA_ADOZIONE,PREZZO_ADOZIONE,CF_CLIENTE) VALUES ('253786364772',TO_DATE('19/05/2022','DD/MM/YYYY'),1250,'GRRLNG84M25F839Z');
COMMIT;

INSERT INTO REPARTO (NUMERO_REPARTO,NOME_REPARTO) VALUES (1,'CANI TAGLIA PICCOLA');
INSERT INTO REPARTO (NUMERO_REPARTO,NOME_REPARTO) VALUES (2,'CANI TAGLIA MEDIA');
INSERT INTO REPARTO (NUMERO_REPARTO,NOME_REPARTO) VALUES (3,'CANI TAGLIA GRANDE');
INSERT INTO REPARTO (NUMERO_REPARTO,NOME_REPARTO) VALUES (4,'GATTI');
INSERT INTO REPARTO (NUMERO_REPARTO,NOME_REPARTO) VALUES (5,'CONIGLI');
INSERT INTO REPARTO (NUMERO_REPARTO,NOME_REPARTO) VALUES (6,'RETTILI');
INSERT INTO REPARTO (NUMERO_REPARTO,NOME_REPARTO) VALUES (7,'VOLATILI');
INSERT INTO REPARTO (NUMERO_REPARTO,NOME_REPARTO) VALUES (8,'PESCI');
INSERT INTO REPARTO (NUMERO_REPARTO,NOME_REPARTO) VALUES (9,'MAIALINI NANI');
INSERT INTO REPARTO (NUMERO_REPARTO,NOME_REPARTO) VALUES (10,'PRODOTTI PER CANI');
INSERT INTO REPARTO (NUMERO_REPARTO,NOME_REPARTO) VALUES (11,'PRODOTTI PER GATTI');
INSERT INTO REPARTO (NUMERO_REPARTO,NOME_REPARTO) VALUES (12,'PRODOTTI DA ACQUARIO');
INSERT INTO REPARTO (NUMERO_REPARTO,NOME_REPARTO) VALUES (13,'ANFIBI');
INSERT INTO REPARTO (NUMERO_REPARTO,NOME_REPARTO) VALUES (14,'PRODOTTI PER RETTILI');
INSERT INTO REPARTO (NUMERO_REPARTO,NOME_REPARTO) VALUES (15,'PRODOTTI PER VOLATILI');
COMMIT;


INSERT INTO FORNITORE (PARTITA_IVA,NOME_FORNITORE,VIA,CIVICO,CAP,CITTA,NUMERO_TELEFONO) VALUES ('57156000135','ZOOCANA ANIMAL','VIA REGINA ELENA',33,'80077','ISCHIA','3315651295');
INSERT INTO FORNITORE (PARTITA_IVA,NOME_FORNITORE,VIA,CIVICO,CAP,CITTA,NUMERO_TELEFONO) VALUES ('47750590920','ANIMALE SCOUT','VIA BATTISTESSA',31,'80077','ISCHIA','3453312321');
INSERT INTO FORNITORE (PARTITA_IVA,NOME_FORNITORE,VIA,CIVICO,CAP,CITTA,NUMERO_TELEFONO) VALUES ('50717540228','PLUSLANE','VIA DELLA VALLE',18,'80023','MILNO','3493338121');
INSERT INTO FORNITORE (PARTITA_IVA,NOME_FORNITORE,VIA,CIVICO,CAP,CITTA,NUMERO_TELEFONO) VALUES ('11686680536','THE URBAN PET',NULL,NULL,NULL,NULL,'3208414302');
INSERT INTO FORNITORE (PARTITA_IVA,NOME_FORNITORE,VIA,CIVICO,CAP,CITTA,NUMERO_TELEFONO) VALUES ('76644590598','ANIMALI CLUB',NULL,18,NULL,'ROMA','3403332200');
INSERT INTO FORNITORE (PARTITA_IVA,NOME_FORNITORE,VIA,CIVICO,CAP,CITTA,NUMERO_TELEFONO) VALUES ('14010680289','ZOO UMANO','VIA DEI MARTIRI',2,NULL,'LUCCA','3315651299');
INSERT INTO FORNITORE (PARTITA_IVA,NOME_FORNITORE,VIA,CIVICO,CAP,CITTA,NUMERO_TELEFONO) VALUES ('72211780647','KRITA CIBO PER ANIMALI',NULL,NULL,NULL,'TORINO','333280023');
INSERT INTO FORNITORE (PARTITA_IVA,NOME_FORNITORE,VIA,CIVICO,CAP,CITTA,NUMERO_TELEFONO) VALUES ('77836260537','FARMAPET','VIA VENANZIO MARONE',33,'0077','ISCHIA','3402282234');
INSERT INTO FORNITORE (PARTITA_IVA,NOME_FORNITORE,VIA,CIVICO,CAP,CITTA,NUMERO_TELEFONO) VALUES ('65084190084','ALIZOO',NULL,NULL,NULL,NULL,'3208414305');
INSERT INTO FORNITORE (PARTITA_IVA,NOME_FORNITORE,VIA,CIVICO,CAP,CITTA,NUMERO_TELEFONO) VALUES ('60943840102','PETZONE','VIA SCAVOLINI',76,'80044',NULL,'331561221');
INSERT INTO FORNITORE (PARTITA_IVA,NOME_FORNITORE,VIA,CIVICO,CAP,CITTA,NUMERO_TELEFONO) VALUES ('28843690638','COOPERATIVA NUOVA',NULL,NULL,NULL,NULL,'331561296');
INSERT INTO FORNITORE (PARTITA_IVA,NOME_FORNITORE,VIA,CIVICO,CAP,CITTA,NUMERO_TELEFONO) VALUES ('64545220879','PET FOOD EFFE',NULL,NULL,NULL,NULL,'3315651297');
INSERT INTO FORNITORE (PARTITA_IVA,NOME_FORNITORE,VIA,CIVICO,CAP,CITTA,NUMERO_TELEFONO) VALUES ('15124430602','GB DISTRIBUZIONE',NULL,NULL,NULL,NULL,'331651231');
INSERT INTO FORNITORE (PARTITA_IVA,NOME_FORNITORE,VIA,CIVICO,CAP,CITTA,NUMERO_TELEFONO) VALUES ('69044780828','NATURANDIA',NULL,NULL,NULL,NULL,'320123131');
INSERT INTO FORNITORE (PARTITA_IVA,NOME_FORNITORE,VIA,CIVICO,CAP,CITTA,NUMERO_TELEFONO) VALUES ('37634670352','ZOOROPIA',NULL,NULL,NULL,NULL,'320123132');
INSERT INTO FORNITORE (PARTITA_IVA,NOME_FORNITORE,VIA,CIVICO,CAP,CITTA,NUMERO_TELEFONO) VALUES ('36858430121','BEFOOD',NULL,NULL,NULL,NULL,'320123123');
INSERT INTO FORNITORE (PARTITA_IVA,NOME_FORNITORE,VIA,CIVICO,CAP,CITTA,NUMERO_TELEFONO) VALUES ('53568970601','SAGAD',NULL,NULL,NULL,NULL,'3201231234');
INSERT INTO FORNITORE (PARTITA_IVA,NOME_FORNITORE,VIA,CIVICO,CAP,CITTA,NUMERO_TELEFONO) VALUES ('50029890790','GHEPAFOOD','VIA FRANCESCHINI',98,'80012','GROSSETO','3201231235');
INSERT INTO FORNITORE (PARTITA_IVA,NOME_FORNITORE,VIA,CIVICO,CAP,CITTA,NUMERO_TELEFONO) VALUES ('10264711200','ZOOSAFARI','VIA LIDO',44,'80090','CAPRI','3201231236');
INSERT INTO FORNITORE (PARTITA_IVA,NOME_FORNITORE,VIA,CIVICO,CAP,CITTA,NUMERO_TELEFONO) VALUES ('65607770115','ANIMALI FANTASTICI','VIA FRANCESCHINI',72,'80012','GROSSETO','3201231239');
COMMIT;


INSERT INTO CONSEGNA (NUMERO_CONSEGNA, DATA_CONSEGNA, PARTITA_IVA_FORNITORE) VALUES ('37842802841',TO_DATE('2022-01-05','YYYY-MM-DD'),'57156000135');
INSERT INTO CONSEGNA (NUMERO_CONSEGNA, DATA_CONSEGNA, PARTITA_IVA_FORNITORE) VALUES ('37135484294',TO_DATE('2022-01-08','YYYY-MM-DD'),'47750590920');
INSERT INTO CONSEGNA (NUMERO_CONSEGNA, DATA_CONSEGNA, PARTITA_IVA_FORNITORE) VALUES ('77765769179',TO_DATE('2022-01-15','YYYY-MM-DD'),'50717540228');
INSERT INTO CONSEGNA (NUMERO_CONSEGNA, DATA_CONSEGNA, PARTITA_IVA_FORNITORE) VALUES ('91585689896',TO_DATE('2022-01-22','YYYY-MM-DD'),'11686680536');
INSERT INTO CONSEGNA (NUMERO_CONSEGNA, DATA_CONSEGNA, PARTITA_IVA_FORNITORE) VALUES ('79474688768',TO_DATE('2022-01-18','YYYY-MM-DD'),'76644590598');
INSERT INTO CONSEGNA (NUMERO_CONSEGNA, DATA_CONSEGNA, PARTITA_IVA_FORNITORE) VALUES ('20093750745',TO_DATE('2022-01-19','YYYY-MM-DD'),'14010680289');
INSERT INTO CONSEGNA (NUMERO_CONSEGNA, DATA_CONSEGNA, PARTITA_IVA_FORNITORE) VALUES ('47924875850',TO_DATE('2022-01-29','YYYY-MM-DD'),'72211780647');
INSERT INTO CONSEGNA (NUMERO_CONSEGNA, DATA_CONSEGNA, PARTITA_IVA_FORNITORE) VALUES ('34398780298',TO_DATE('2022-02-01','YYYY-MM-DD'),'77836260537');
INSERT INTO CONSEGNA (NUMERO_CONSEGNA, DATA_CONSEGNA, PARTITA_IVA_FORNITORE) VALUES ('90077058908',TO_DATE('2022-02-02','YYYY-MM-DD'),'65084190084');
INSERT INTO CONSEGNA (NUMERO_CONSEGNA, DATA_CONSEGNA, PARTITA_IVA_FORNITORE) VALUES ('37682013254',TO_DATE('2022-02-03','YYYY-MM-DD'),'60943840102');
INSERT INTO CONSEGNA (NUMERO_CONSEGNA, DATA_CONSEGNA, PARTITA_IVA_FORNITORE) VALUES ('16955489551',TO_DATE('2022-02-14','YYYY-MM-DD'),'28843690638');
INSERT INTO CONSEGNA (NUMERO_CONSEGNA, DATA_CONSEGNA, PARTITA_IVA_FORNITORE) VALUES ('25049744234',TO_DATE('2022-02-15','YYYY-MM-DD'),'64545220879');
INSERT INTO CONSEGNA (NUMERO_CONSEGNA, DATA_CONSEGNA, PARTITA_IVA_FORNITORE) VALUES ('80742030030',TO_DATE('2022-02-18','YYYY-MM-DD'),'15124430602');
INSERT INTO CONSEGNA (NUMERO_CONSEGNA, DATA_CONSEGNA, PARTITA_IVA_FORNITORE) VALUES ('35418252426',TO_DATE('2022-02-25','YYYY-MM-DD'),'69044780828');
INSERT INTO CONSEGNA (NUMERO_CONSEGNA, DATA_CONSEGNA, PARTITA_IVA_FORNITORE) VALUES ('83562187276',TO_DATE('2022-03-19','YYYY-MM-DD'),'37634670352');
INSERT INTO CONSEGNA (NUMERO_CONSEGNA, DATA_CONSEGNA, PARTITA_IVA_FORNITORE) VALUES ('98802401379',TO_DATE('2022-03-30','YYYY-MM-DD'),'36858430121');
INSERT INTO CONSEGNA (NUMERO_CONSEGNA, DATA_CONSEGNA, PARTITA_IVA_FORNITORE) VALUES ('76505084188',TO_DATE('2022-05-10','YYYY-MM-DD'),'53568970601');
INSERT INTO CONSEGNA (NUMERO_CONSEGNA, DATA_CONSEGNA, PARTITA_IVA_FORNITORE) VALUES ('35697121342',TO_DATE('2022-05-25','YYYY-MM-DD'),'50029890790');
INSERT INTO CONSEGNA (NUMERO_CONSEGNA, DATA_CONSEGNA, PARTITA_IVA_FORNITORE) VALUES ('84599973478',TO_DATE('2022-05-30','YYYY-MM-DD'),'10264711200');
INSERT INTO CONSEGNA (NUMERO_CONSEGNA, DATA_CONSEGNA, PARTITA_IVA_FORNITORE) VALUES ('28223108091',TO_DATE('2022-06-04','YYYY-MM-DD'),'65607770115');
COMMIT;

INSERT INTO PRODOTTO (CODICE_PRODOTTO, TIPO_PRODOTTO, REPARTO, PREZZO, COSTO_ACQUISTO, QUANTITA_DISPONIBILE) VALUES ('67763013','CIOTOLA PER CANI',10,4.99,1,200);
INSERT INTO PRODOTTO (CODICE_PRODOTTO, TIPO_PRODOTTO, REPARTO, PREZZO, COSTO_ACQUISTO, QUANTITA_DISPONIBILE) VALUES ('64615349','CUCCIA PER CANI',10,25.00,8,200);
INSERT INTO PRODOTTO (CODICE_PRODOTTO, TIPO_PRODOTTO, REPARTO, PREZZO, COSTO_ACQUISTO, QUANTITA_DISPONIBILE) VALUES ('76111735','PALLINA PER CANI',10,4,0.5,400);
INSERT INTO PRODOTTO (CODICE_PRODOTTO, TIPO_PRODOTTO, REPARTO, PREZZO, COSTO_ACQUISTO, QUANTITA_DISPONIBILE) VALUES ('59022433','GUINZAGLIO PER CANI 2.5 METRI',10,19.99,4.00,300);
INSERT INTO PRODOTTO (CODICE_PRODOTTO, TIPO_PRODOTTO, REPARTO, PREZZO, COSTO_ACQUISTO, QUANTITA_DISPONIBILE) VALUES ('71506294','CROCCANTINI PER GATTI GUSTO TONNO XL',11,14.99,3.00,400);
INSERT INTO PRODOTTO (CODICE_PRODOTTO, TIPO_PRODOTTO, REPARTO, PREZZO, COSTO_ACQUISTO, QUANTITA_DISPONIBILE) VALUES ('86196030','TRASPORTINO CANI TAGLIA S',10,14.99,5.00,150);
INSERT INTO PRODOTTO (CODICE_PRODOTTO, TIPO_PRODOTTO, REPARTO, PREZZO, COSTO_ACQUISTO, QUANTITA_DISPONIBILE) VALUES ('89418406','PETTORINA K9',10,16.99,4.20,540); 
INSERT INTO PRODOTTO (CODICE_PRODOTTO, TIPO_PRODOTTO, REPARTO, PREZZO, COSTO_ACQUISTO, QUANTITA_DISPONIBILE) VALUES ('60901055','COLLARE ANTIPULCI PER CANI',10,3.99,0.99,350);
INSERT INTO PRODOTTO (CODICE_PRODOTTO, TIPO_PRODOTTO, REPARTO, PREZZO, COSTO_ACQUISTO, QUANTITA_DISPONIBILE) VALUES ('25566601','MISURATORE DI UMIDITÀ',14,9.99,1.99,92); 
INSERT INTO PRODOTTO (CODICE_PRODOTTO, TIPO_PRODOTTO, REPARTO, PREZZO, COSTO_ACQUISTO, QUANTITA_DISPONIBILE) VALUES ('15964207','TOPI SPRINGER CONGELATI 20PZ',14,29.99,4.60,100); 
INSERT INTO PRODOTTO (CODICE_PRODOTTO, TIPO_PRODOTTO, REPARTO, PREZZO, COSTO_ACQUISTO, QUANTITA_DISPONIBILE) VALUES ('34454773','TIRAGRAFFI',11,15.50,4.99,95);
INSERT INTO PRODOTTO (CODICE_PRODOTTO, TIPO_PRODOTTO, REPARTO, PREZZO, COSTO_ACQUISTO, QUANTITA_DISPONIBILE) VALUES ('35050710','ANTI PARASSITARIO',10,7.99,1.99,120);
INSERT INTO PRODOTTO (CODICE_PRODOTTO, TIPO_PRODOTTO, REPARTO, PREZZO, COSTO_ACQUISTO, QUANTITA_DISPONIBILE) VALUES ('60515451','MANGIME IN FIOCCHI PESCI ROSSI 4KG',12,3.99,0.90,200); 
INSERT INTO PRODOTTO (CODICE_PRODOTTO, TIPO_PRODOTTO, REPARTO, PREZZO, COSTO_ACQUISTO, QUANTITA_DISPONIBILE) VALUES ('95115674','GABBIA CANI TAGLIA M',10,19.99,9.99,230);
INSERT INTO PRODOTTO (CODICE_PRODOTTO, TIPO_PRODOTTO, REPARTO, PREZZO, COSTO_ACQUISTO, QUANTITA_DISPONIBILE) VALUES ('43998391','PET PIG MUESLI PER MAIALI VIETNAMITI E MAIALINI NANI 6KG',09,29.99,5.99,300);
INSERT INTO PRODOTTO (CODICE_PRODOTTO, TIPO_PRODOTTO, REPARTO, PREZZO, COSTO_ACQUISTO, QUANTITA_DISPONIBILE) VALUES ('84346649','CONIGLIERA',05,11.50,3.50,50); 
INSERT INTO PRODOTTO (CODICE_PRODOTTO, TIPO_PRODOTTO, REPARTO, PREZZO, COSTO_ACQUISTO, QUANTITA_DISPONIBILE) VALUES ('95939227','LARVE DELLA FARINA 100G',14,3.99,0.20,200);
INSERT INTO PRODOTTO (CODICE_PRODOTTO, TIPO_PRODOTTO, REPARTO, PREZZO, COSTO_ACQUISTO, QUANTITA_DISPONIBILE) VALUES ('73483462','TERMOMETRO DA TERRARIO',14,12.99,4.00,70);
INSERT INTO PRODOTTO (CODICE_PRODOTTO, TIPO_PRODOTTO, REPARTO, PREZZO, COSTO_ACQUISTO, QUANTITA_DISPONIBILE) VALUES ('44025983','SNACK DENTALE',10,2.99,0.20,300); 
INSERT INTO PRODOTTO (CODICE_PRODOTTO, TIPO_PRODOTTO, REPARTO, PREZZO, COSTO_ACQUISTO, QUANTITA_DISPONIBILE) VALUES ('99090555','ACQUARIO TAGLIA L',12,119.99,43.50,30);
COMMIT;



INSERT INTO CONSEGNA_CONTIENE (NUMERO_CONSEGNA, CODICE_PRODOTTO, QUANTITA) VALUES ('37842802841','67763013',200);
INSERT INTO CONSEGNA_CONTIENE (NUMERO_CONSEGNA, CODICE_PRODOTTO, QUANTITA) VALUES ('37842802841','34454773',250);
INSERT INTO CONSEGNA_CONTIENE (NUMERO_CONSEGNA, CODICE_PRODOTTO, QUANTITA) VALUES ('37842802841','59022433',200);
INSERT INTO CONSEGNA_CONTIENE (NUMERO_CONSEGNA, CODICE_PRODOTTO, QUANTITA) VALUES ('37135484294','64615349',100);
INSERT INTO CONSEGNA_CONTIENE (NUMERO_CONSEGNA, CODICE_PRODOTTO, QUANTITA) VALUES ('77765769179','76111735',150);
INSERT INTO CONSEGNA_CONTIENE (NUMERO_CONSEGNA, CODICE_PRODOTTO, QUANTITA) VALUES ('77765769179','73483462',150);
INSERT INTO CONSEGNA_CONTIENE (NUMERO_CONSEGNA, CODICE_PRODOTTO, QUANTITA) VALUES ('77765769179','95939227',150);
INSERT INTO CONSEGNA_CONTIENE (NUMERO_CONSEGNA, CODICE_PRODOTTO, QUANTITA) VALUES ('91585689896','59022433',300);
INSERT INTO CONSEGNA_CONTIENE (NUMERO_CONSEGNA, CODICE_PRODOTTO, QUANTITA) VALUES ('91585689896','99090555',350);
INSERT INTO CONSEGNA_CONTIENE (NUMERO_CONSEGNA, CODICE_PRODOTTO, QUANTITA) VALUES ('79474688768','71506294',250);
INSERT INTO CONSEGNA_CONTIENE (NUMERO_CONSEGNA, CODICE_PRODOTTO, QUANTITA) VALUES ('20093750745','86196030',100);
INSERT INTO CONSEGNA_CONTIENE (NUMERO_CONSEGNA, CODICE_PRODOTTO, QUANTITA) VALUES ('47924875850','89418406',300);
INSERT INTO CONSEGNA_CONTIENE (NUMERO_CONSEGNA, CODICE_PRODOTTO, QUANTITA) VALUES ('34398780298','60901055',250);
INSERT INTO CONSEGNA_CONTIENE (NUMERO_CONSEGNA, CODICE_PRODOTTO, QUANTITA) VALUES ('90077058908','25566601',450);
INSERT INTO CONSEGNA_CONTIENE (NUMERO_CONSEGNA, CODICE_PRODOTTO, QUANTITA) VALUES ('37682013254','15964207',100);
INSERT INTO CONSEGNA_CONTIENE (NUMERO_CONSEGNA, CODICE_PRODOTTO, QUANTITA) VALUES ('37682013254','84346649',100);
INSERT INTO CONSEGNA_CONTIENE (NUMERO_CONSEGNA, CODICE_PRODOTTO, QUANTITA) VALUES ('37682013254','44025983',100);
INSERT INTO CONSEGNA_CONTIENE (NUMERO_CONSEGNA, CODICE_PRODOTTO, QUANTITA) VALUES ('37682013254','60901055',100);
INSERT INTO CONSEGNA_CONTIENE (NUMERO_CONSEGNA, CODICE_PRODOTTO, QUANTITA) VALUES ('16955489551','34454773',200);
INSERT INTO CONSEGNA_CONTIENE (NUMERO_CONSEGNA, CODICE_PRODOTTO, QUANTITA) VALUES ('25049744234','35050710',500);
INSERT INTO CONSEGNA_CONTIENE (NUMERO_CONSEGNA, CODICE_PRODOTTO, QUANTITA) VALUES ('80742030030','60515451',500);
INSERT INTO CONSEGNA_CONTIENE (NUMERO_CONSEGNA, CODICE_PRODOTTO, QUANTITA) VALUES ('80742030030','99090555',500);
INSERT INTO CONSEGNA_CONTIENE (NUMERO_CONSEGNA, CODICE_PRODOTTO, QUANTITA) VALUES ('80742030030','44025983',500);
INSERT INTO CONSEGNA_CONTIENE (NUMERO_CONSEGNA, CODICE_PRODOTTO, QUANTITA) VALUES ('35418252426','95115674',150);
INSERT INTO CONSEGNA_CONTIENE (NUMERO_CONSEGNA, CODICE_PRODOTTO, QUANTITA) VALUES ('83562187276','43998391',250);
INSERT INTO CONSEGNA_CONTIENE (NUMERO_CONSEGNA, CODICE_PRODOTTO, QUANTITA) VALUES ('98802401379','84346649',250);
INSERT INTO CONSEGNA_CONTIENE (NUMERO_CONSEGNA, CODICE_PRODOTTO, QUANTITA) VALUES ('76505084188','95939227',100);
INSERT INTO CONSEGNA_CONTIENE (NUMERO_CONSEGNA, CODICE_PRODOTTO, QUANTITA) VALUES ('35697121342','73483462',350);
INSERT INTO CONSEGNA_CONTIENE (NUMERO_CONSEGNA, CODICE_PRODOTTO, QUANTITA) VALUES ('84599973478','44025983',150);
INSERT INTO CONSEGNA_CONTIENE (NUMERO_CONSEGNA, CODICE_PRODOTTO, QUANTITA) VALUES ('28223108091','99090555',100);
COMMIT;

INSERT INTO ACQUISTO (NUMERO_SCONTRINO,DATA_ACQUISTO) VALUES ('72549302184',TO_DATE('2022-01-03','YYYY-MM-DD'));
INSERT INTO ACQUISTO (NUMERO_SCONTRINO,DATA_ACQUISTO) VALUES ('92433392193',TO_DATE('2022-07-29','YYYY-MM-DD'));
INSERT INTO ACQUISTO (NUMERO_SCONTRINO,DATA_ACQUISTO) VALUES ('72896820191',TO_DATE('2022-01-10','YYYY-MM-DD'));
INSERT INTO ACQUISTO (NUMERO_SCONTRINO,DATA_ACQUISTO) VALUES ('32601774170',TO_DATE('2022-01-19','YYYY-MM-DD'));
INSERT INTO ACQUISTO (NUMERO_SCONTRINO,DATA_ACQUISTO) VALUES ('22556609172',TO_DATE('2022-01-15','YYYY-MM-DD'));
INSERT INTO ACQUISTO (NUMERO_SCONTRINO,DATA_ACQUISTO) VALUES ('12334867118',TO_DATE('2022-01-17','YYYY-MM-DD'));
INSERT INTO ACQUISTO (NUMERO_SCONTRINO,DATA_ACQUISTO) VALUES ('72634473181',TO_DATE('2022-01-25','YYYY-MM-DD'));
INSERT INTO ACQUISTO (NUMERO_SCONTRINO,DATA_ACQUISTO) VALUES ('62045949127',TO_DATE('2022-01-29','YYYY-MM-DD'));
INSERT INTO ACQUISTO (NUMERO_SCONTRINO,DATA_ACQUISTO) VALUES ('42661400164',TO_DATE('2022-07-03','YYYY-MM-DD'));
INSERT INTO ACQUISTO (NUMERO_SCONTRINO,DATA_ACQUISTO) VALUES ('42971248184',TO_DATE('2022-02-01','YYYY-MM-DD'));
INSERT INTO ACQUISTO (NUMERO_SCONTRINO,DATA_ACQUISTO) VALUES ('12984158153',TO_DATE('2022-02-11','YYYY-MM-DD'));
INSERT INTO ACQUISTO (NUMERO_SCONTRINO,DATA_ACQUISTO) VALUES ('82616675137',TO_DATE('2022-02-13','YYYY-MM-DD'));
INSERT INTO ACQUISTO (NUMERO_SCONTRINO,DATA_ACQUISTO) VALUES ('32346646156',TO_DATE('2022-02-15','YYYY-MM-DD'));
INSERT INTO ACQUISTO (NUMERO_SCONTRINO,DATA_ACQUISTO) VALUES ('52966940152',TO_DATE('2022-02-22','YYYY-MM-DD'));
INSERT INTO ACQUISTO (NUMERO_SCONTRINO,DATA_ACQUISTO) VALUES ('22596810131',TO_DATE('2022-03-15','YYYY-MM-DD'));
INSERT INTO ACQUISTO (NUMERO_SCONTRINO,DATA_ACQUISTO) VALUES ('71549302484',TO_DATE('2022-01-03','YYYY-MM-DD'));
INSERT INTO ACQUISTO (NUMERO_SCONTRINO,DATA_ACQUISTO) VALUES ('94433392593',TO_DATE('2022-07-29','YYYY-MM-DD'));
INSERT INTO ACQUISTO (NUMERO_SCONTRINO,DATA_ACQUISTO) VALUES ('73896820891',TO_DATE('2022-01-10','YYYY-MM-DD'));
INSERT INTO ACQUISTO (NUMERO_SCONTRINO,DATA_ACQUISTO) VALUES ('34601774170',TO_DATE('2022-01-19','YYYY-MM-DD'));
INSERT INTO ACQUISTO (NUMERO_SCONTRINO,DATA_ACQUISTO) VALUES ('28556609372',TO_DATE('2022-01-15','YYYY-MM-DD'));
INSERT INTO ACQUISTO (NUMERO_SCONTRINO,DATA_ACQUISTO) VALUES ('16334867418',TO_DATE('2022-01-17','YYYY-MM-DD'));
INSERT INTO ACQUISTO (NUMERO_SCONTRINO,DATA_ACQUISTO) VALUES ('78634473981',TO_DATE('2022-02-01','YYYY-MM-DD'));
INSERT INTO ACQUISTO (NUMERO_SCONTRINO,DATA_ACQUISTO) VALUES ('62045949027',TO_DATE('2022-02-01','YYYY-MM-DD'));
INSERT INTO ACQUISTO (NUMERO_SCONTRINO,DATA_ACQUISTO) VALUES ('41661400564',TO_DATE('2022-02-11','YYYY-MM-DD'));
INSERT INTO ACQUISTO (NUMERO_SCONTRINO,DATA_ACQUISTO) VALUES ('49971248484',TO_DATE('2022-02-13','YYYY-MM-DD'));
INSERT INTO ACQUISTO (NUMERO_SCONTRINO,DATA_ACQUISTO) VALUES ('17984158953',TO_DATE('2022-02-15','YYYY-MM-DD'));
INSERT INTO ACQUISTO (NUMERO_SCONTRINO,DATA_ACQUISTO) VALUES ('82616675637',TO_DATE('2022-02-22','YYYY-MM-DD'));
INSERT INTO ACQUISTO (NUMERO_SCONTRINO,DATA_ACQUISTO) VALUES ('30346646956',TO_DATE('2022-03-15','YYYY-MM-DD'));
INSERT INTO ACQUISTO (NUMERO_SCONTRINO,DATA_ACQUISTO) VALUES ('53966940852',TO_DATE('2022-04-30','YYYY-MM-DD'));
INSERT INTO ACQUISTO (NUMERO_SCONTRINO,DATA_ACQUISTO) VALUES ('23596810631',TO_DATE('2022-05-21','YYYY-MM-DD'));
COMMIT;


INSERT INTO ACQUISTO_TESSERA (NUMERO_SCONTRINO, DATA_ACQUISTO, CF_CLIENTE) VALUES ('72549302184',TO_DATE('2022-01-03','YYYY-MM-DD'),'DNSMTT00P23F839I');
INSERT INTO ACQUISTO_TESSERA (NUMERO_SCONTRINO, DATA_ACQUISTO, CF_CLIENTE) VALUES ('92433392193',TO_DATE('2022-07-29','YYYY-MM-DD'),'BNCMRA70A20H501B');
INSERT INTO ACQUISTO_TESSERA (NUMERO_SCONTRINO, DATA_ACQUISTO, CF_CLIENTE) VALUES ('72896820191',TO_DATE('2022-01-10','YYYY-MM-DD'),'DNSMTT00P23F839I');
INSERT INTO ACQUISTO_TESSERA (NUMERO_SCONTRINO, DATA_ACQUISTO, CF_CLIENTE) VALUES ('32601774170',TO_DATE('2022-01-19','YYYY-MM-DD'),'RSSMRA66A02A408M');
INSERT INTO ACQUISTO_TESSERA (NUMERO_SCONTRINO, DATA_ACQUISTO, CF_CLIENTE) VALUES ('22556609172',TO_DATE('2022-01-15','YYYY-MM-DD'),'MMEGLI00B60F839J');
INSERT INTO ACQUISTO_TESSERA (NUMERO_SCONTRINO, DATA_ACQUISTO, CF_CLIENTE) VALUES ('12334867118',TO_DATE('2022-01-17','YYYY-MM-DD'),'MNPNCL80A59A509N');
INSERT INTO ACQUISTO_TESSERA (NUMERO_SCONTRINO, DATA_ACQUISTO, CF_CLIENTE) VALUES ('72634473181',TO_DATE('2022-01-25','YYYY-MM-DD'),'TRRLNZ99C19F839S');
INSERT INTO ACQUISTO_TESSERA (NUMERO_SCONTRINO, DATA_ACQUISTO, CF_CLIENTE) VALUES ('62045949127',TO_DATE('2022-01-29','YYYY-MM-DD'),'RMMCRL85A62A509Z');
INSERT INTO ACQUISTO_TESSERA (NUMERO_SCONTRINO, DATA_ACQUISTO, CF_CLIENTE) VALUES ('42661400164',TO_DATE('2022-07-03','YYYY-MM-DD'),'BNCMRA70A20H501B');
INSERT INTO ACQUISTO_TESSERA (NUMERO_SCONTRINO, DATA_ACQUISTO, CF_CLIENTE) VALUES ('42971248184',TO_DATE('2022-02-01','YYYY-MM-DD'),'TRRLNZ99C19F839S');
INSERT INTO ACQUISTO_TESSERA (NUMERO_SCONTRINO, DATA_ACQUISTO, CF_CLIENTE) VALUES ('12984158153',TO_DATE('2022-02-11','YYYY-MM-DD'),'MMEGLI00B60F839J');
INSERT INTO ACQUISTO_TESSERA (NUMERO_SCONTRINO, DATA_ACQUISTO, CF_CLIENTE) VALUES ('82616675137',TO_DATE('2022-02-13','YYYY-MM-DD'),'RSSMRA66A02A408M');
INSERT INTO ACQUISTO_TESSERA (NUMERO_SCONTRINO, DATA_ACQUISTO, CF_CLIENTE) VALUES ('32346646156',TO_DATE('2022-02-15','YYYY-MM-DD'),'MNPNCL80A59A509N');
INSERT INTO ACQUISTO_TESSERA (NUMERO_SCONTRINO, DATA_ACQUISTO, CF_CLIENTE) VALUES ('52966940152',TO_DATE('2022-02-22','YYYY-MM-DD'),'CHRGMT78S17F839K');
COMMIT;


INSERT INTO ACQUISTO_CONTIENE (NUMERO_SCONTRINO,CODICE_PRODOTTO,QUANTITA) VALUES ('71549302484','67763013',2);
INSERT INTO ACQUISTO_CONTIENE (NUMERO_SCONTRINO,CODICE_PRODOTTO,QUANTITA) VALUES ('71549302484','76111735',3);
INSERT INTO ACQUISTO_CONTIENE (NUMERO_SCONTRINO,CODICE_PRODOTTO,QUANTITA) VALUES ('94433392593','60515451',1);
INSERT INTO ACQUISTO_CONTIENE (NUMERO_SCONTRINO,CODICE_PRODOTTO,QUANTITA) VALUES ('94433392593','64615349',2);
INSERT INTO ACQUISTO_CONTIENE (NUMERO_SCONTRINO,CODICE_PRODOTTO,QUANTITA) VALUES ('94433392593','35050710',5);
INSERT INTO ACQUISTO_CONTIENE (NUMERO_SCONTRINO,CODICE_PRODOTTO,QUANTITA) VALUES ('73896820891','76111735',5);
INSERT INTO ACQUISTO_CONTIENE (NUMERO_SCONTRINO,CODICE_PRODOTTO,QUANTITA) VALUES ('34601774170','59022433',4);
INSERT INTO ACQUISTO_CONTIENE (NUMERO_SCONTRINO,CODICE_PRODOTTO,QUANTITA) VALUES ('34601774170','25566601',2);
INSERT INTO ACQUISTO_CONTIENE (NUMERO_SCONTRINO,CODICE_PRODOTTO,QUANTITA) VALUES ('28556609372','71506294',1);
INSERT INTO ACQUISTO_CONTIENE (NUMERO_SCONTRINO,CODICE_PRODOTTO,QUANTITA) VALUES ('28556609372','59022433',2);
INSERT INTO ACQUISTO_CONTIENE (NUMERO_SCONTRINO,CODICE_PRODOTTO,QUANTITA) VALUES ('28556609372','67763013',4);
INSERT INTO ACQUISTO_CONTIENE (NUMERO_SCONTRINO,CODICE_PRODOTTO,QUANTITA) VALUES ('16334867418','86196030',7);
INSERT INTO ACQUISTO_CONTIENE (NUMERO_SCONTRINO,CODICE_PRODOTTO,QUANTITA) VALUES ('78634473981','89418406',3);
INSERT INTO ACQUISTO_CONTIENE (NUMERO_SCONTRINO,CODICE_PRODOTTO,QUANTITA) VALUES ('62045949027','60901055',1);
INSERT INTO ACQUISTO_CONTIENE (NUMERO_SCONTRINO,CODICE_PRODOTTO,QUANTITA) VALUES ('41661400564','25566601',2);
INSERT INTO ACQUISTO_CONTIENE (NUMERO_SCONTRINO,CODICE_PRODOTTO,QUANTITA) VALUES ('49971248484','84346649',1);
INSERT INTO ACQUISTO_CONTIENE (NUMERO_SCONTRINO,CODICE_PRODOTTO,QUANTITA) VALUES ('49971248484','15964207',2);
INSERT INTO ACQUISTO_CONTIENE (NUMERO_SCONTRINO,CODICE_PRODOTTO,QUANTITA) VALUES ('17984158953','34454773',2);
INSERT INTO ACQUISTO_CONTIENE (NUMERO_SCONTRINO,CODICE_PRODOTTO,QUANTITA) VALUES ('17984158953','99090555',3);
INSERT INTO ACQUISTO_CONTIENE (NUMERO_SCONTRINO,CODICE_PRODOTTO,QUANTITA) VALUES ('82616675637','35050710',2);
INSERT INTO ACQUISTO_CONTIENE (NUMERO_SCONTRINO,CODICE_PRODOTTO,QUANTITA) VALUES ('30346646956','60515451',1);
INSERT INTO ACQUISTO_CONTIENE (NUMERO_SCONTRINO,CODICE_PRODOTTO,QUANTITA) VALUES ('53966940852','95115674',4);
INSERT INTO ACQUISTO_CONTIENE (NUMERO_SCONTRINO,CODICE_PRODOTTO,QUANTITA) VALUES ('23596810631','43998391',3);
COMMIT;


INSERT INTO ACQUISTO_CONTIENE(NUMERO_SCONTRINO,CODICE_PRODOTTO,QUANTITA) VALUES ('72549302184','67763013',5);
INSERT INTO ACQUISTO_CONTIENE(NUMERO_SCONTRINO,CODICE_PRODOTTO,QUANTITA) VALUES ('72549302184','60515451',4);
INSERT INTO ACQUISTO_CONTIENE(NUMERO_SCONTRINO,CODICE_PRODOTTO,QUANTITA) VALUES ('92433392193','60901055',1);
INSERT INTO ACQUISTO_CONTIENE(NUMERO_SCONTRINO,CODICE_PRODOTTO,QUANTITA) VALUES ('92433392193','43998391',4);
INSERT INTO ACQUISTO_CONTIENE(NUMERO_SCONTRINO,CODICE_PRODOTTO,QUANTITA) VALUES ('92433392193','34454773',2);
INSERT INTO ACQUISTO_CONTIENE(NUMERO_SCONTRINO,CODICE_PRODOTTO,QUANTITA) VALUES ('92433392193','71506294',3);
INSERT INTO ACQUISTO_CONTIENE(NUMERO_SCONTRINO,CODICE_PRODOTTO,QUANTITA) VALUES ('72896820191','64615349',5);
INSERT INTO ACQUISTO_CONTIENE(NUMERO_SCONTRINO,CODICE_PRODOTTO,QUANTITA) VALUES ('32601774170','89418406',7);
INSERT INTO ACQUISTO_CONTIENE(NUMERO_SCONTRINO,CODICE_PRODOTTO,QUANTITA) VALUES ('32601774170','99090555',4);
INSERT INTO ACQUISTO_CONTIENE(NUMERO_SCONTRINO,CODICE_PRODOTTO,QUANTITA) VALUES ('22556609172','76111735',15);
INSERT INTO ACQUISTO_CONTIENE(NUMERO_SCONTRINO,CODICE_PRODOTTO,QUANTITA) VALUES ('12334867118','67763013',6);
INSERT INTO ACQUISTO_CONTIENE(NUMERO_SCONTRINO,CODICE_PRODOTTO,QUANTITA) VALUES ('12334867118','25566601',7);
INSERT INTO ACQUISTO_CONTIENE(NUMERO_SCONTRINO,CODICE_PRODOTTO,QUANTITA) VALUES ('12334867118','43998391',5);
INSERT INTO ACQUISTO_CONTIENE(NUMERO_SCONTRINO,CODICE_PRODOTTO,QUANTITA) VALUES ('12334867118','35050710',6);
INSERT INTO ACQUISTO_CONTIENE(NUMERO_SCONTRINO,CODICE_PRODOTTO,QUANTITA) VALUES ('72634473181','84346649',3);
INSERT INTO ACQUISTO_CONTIENE(NUMERO_SCONTRINO,CODICE_PRODOTTO,QUANTITA) VALUES ('62045949127','71506294',1);
INSERT INTO ACQUISTO_CONTIENE(NUMERO_SCONTRINO,CODICE_PRODOTTO,QUANTITA) VALUES ('42661400164','59022433',2);
INSERT INTO ACQUISTO_CONTIENE(NUMERO_SCONTRINO,CODICE_PRODOTTO,QUANTITA) VALUES ('42661400164','99090555',6);
INSERT INTO ACQUISTO_CONTIENE(NUMERO_SCONTRINO,CODICE_PRODOTTO,QUANTITA) VALUES ('42661400164','35050710',7);
INSERT INTO ACQUISTO_CONTIENE(NUMERO_SCONTRINO,CODICE_PRODOTTO,QUANTITA) VALUES ('42971248184','60515451',4);
INSERT INTO ACQUISTO_CONTIENE(NUMERO_SCONTRINO,CODICE_PRODOTTO,QUANTITA) VALUES ('42971248184','76111735',6);
INSERT INTO ACQUISTO_CONTIENE(NUMERO_SCONTRINO,CODICE_PRODOTTO,QUANTITA) VALUES ('12984158153','35050710',3);
INSERT INTO ACQUISTO_CONTIENE(NUMERO_SCONTRINO,CODICE_PRODOTTO,QUANTITA) VALUES ('82616675137','25566601',5);
INSERT INTO ACQUISTO_CONTIENE(NUMERO_SCONTRINO,CODICE_PRODOTTO,QUANTITA) VALUES ('82616675137','44025983',5);
INSERT INTO ACQUISTO_CONTIENE(NUMERO_SCONTRINO,CODICE_PRODOTTO,QUANTITA) VALUES ('32346646156','44025983',3);
INSERT INTO ACQUISTO_CONTIENE(NUMERO_SCONTRINO,CODICE_PRODOTTO,QUANTITA) VALUES ('52966940152','43998391',10);
COMMIT;


INSERT INTO ADDESTRATORE (NUMERO_TESSERINO,NOME,COGNOME,DATA_DI_NASCITA) VALUES ('010234105','MARCO','DE FALCO',TO_DATE('27/06/1975','DD/MM/YYYY'));
INSERT INTO ADDESTRATORE (NUMERO_TESSERINO,NOME,COGNOME,DATA_DI_NASCITA) VALUES ('010234004','FEDERICO','MANCUSO',TO_DATE('12/02/1987','DD/MM/YYYY'));
INSERT INTO ADDESTRATORE (NUMERO_TESSERINO,NOME,COGNOME,DATA_DI_NASCITA) VALUES ('010234106','MARTINA','ALIBERTI',TO_DATE('30/09/1999','DD/MM/YYYY'));
INSERT INTO ADDESTRATORE (NUMERO_TESSERINO,NOME,COGNOME,DATA_DI_NASCITA) VALUES ('010234205','ROBERTA','RUSSO',TO_DATE('09/03/1995','DD/MM/YYYY'));
INSERT INTO ADDESTRATORE (NUMERO_TESSERINO,NOME,COGNOME,DATA_DI_NASCITA) VALUES ('010234110','GAIA','MARINELLI',TO_DATE('29/05/1982','DD/MM/YYYY'));
INSERT INTO ADDESTRATORE (NUMERO_TESSERINO,NOME,COGNOME,DATA_DI_NASCITA) VALUES ('010235100','GERARDO','TOSCANO',TO_DATE('03/03/1993','DD/MM/YYYY'));
INSERT INTO ADDESTRATORE (NUMERO_TESSERINO,NOME,COGNOME,DATA_DI_NASCITA) VALUES ('010234016','JESSICA','DE MARTINO',TO_DATE('02/10/1991','DD/MM/YYYY'));
INSERT INTO ADDESTRATORE (NUMERO_TESSERINO,NOME,COGNOME,DATA_DI_NASCITA) VALUES ('010234007','SABRINA','PERNA',TO_DATE('23/12/1989','DD/MM/YYYY'));
INSERT INTO ADDESTRATORE (NUMERO_TESSERINO,NOME,COGNOME,DATA_DI_NASCITA) VALUES ('010234012','RICCARDO','BORRELLI',TO_DATE('15/09/1979','DD/MM/YYYY'));
INSERT INTO ADDESTRATORE (NUMERO_TESSERINO,NOME,COGNOME,DATA_DI_NASCITA) VALUES ('010235102','MATTIA','DEL GIUDICE',TO_DATE('19/07/1982','DD/MM/YYYY'));
INSERT INTO ADDESTRATORE (NUMERO_TESSERINO,NOME,COGNOME,DATA_DI_NASCITA) VALUES ('010234014','LUCA','PISACANE',TO_DATE('08/12/1994','DD/MM/YYYY'));
INSERT INTO ADDESTRATORE (NUMERO_TESSERINO,NOME,COGNOME,DATA_DI_NASCITA) VALUES ('010234020','ANTONIO','ESPOSITO',TO_DATE('15/07/1989','DD/MM/YYYY'));
INSERT INTO ADDESTRATORE (NUMERO_TESSERINO,NOME,COGNOME,DATA_DI_NASCITA) VALUES ('010234009','TERESA','LONGO',TO_DATE('10/01/1990','DD/MM/YYYY'));
INSERT INTO ADDESTRATORE (NUMERO_TESSERINO,NOME,COGNOME,DATA_DI_NASCITA) VALUES ('010234201','CAMILLA','DI MEGLIO',TO_DATE('09/09/1989','DD/MM/YYYY'));
INSERT INTO ADDESTRATORE (NUMERO_TESSERINO,NOME,COGNOME,DATA_DI_NASCITA) VALUES ('010234203','FRANCESCO','MARCIANO',TO_DATE('11/09/1992','DD/MM/YYYY'));
INSERT INTO ADDESTRATORE (NUMERO_TESSERINO,NOME,COGNOME,DATA_DI_NASCITA) VALUES ('010234104','MADDALENA','COZZOLINO',TO_DATE('17/04/1991','DD/MM/YYYY'));
INSERT INTO ADDESTRATORE (NUMERO_TESSERINO,NOME,COGNOME,DATA_DI_NASCITA) VALUES ('010234019','ANOTNELLA','ESPOSITO',TO_DATE('01/12/1969','DD/MM/YYYY'));
INSERT INTO ADDESTRATORE (NUMERO_TESSERINO,NOME,COGNOME,DATA_DI_NASCITA) VALUES ('010234015','MARIO','DI MATTEO',TO_DATE('30/03/1973','DD/MM/YYYY'));
INSERT INTO ADDESTRATORE (NUMERO_TESSERINO,NOME,COGNOME,DATA_DI_NASCITA) VALUES ('010234111','CARMELA','DI GENNARO',TO_DATE('16/06/1968','DD/MM/YYYY'));
INSERT INTO ADDESTRATORE (NUMERO_TESSERINO,NOME,COGNOME,DATA_DI_NASCITA) VALUES ('010233599','GIUSEPPE','COPPOLA',TO_DATE('09/12/1962','DD/MM/YYYY'));
COMMIT;


INSERT INTO CORSO_DI_ADDESTRAMENTO (CODICE_CORSO,INIZIO_CORSO,FINE_CORSO, NOME_CORSO,TARIFFA_ADDESTRATORE,NUMERO_TESSERINO_ADDESTRATORE) VALUES ('001',TO_DATE('01/07/2022','DD/MM/YYYY'),TO_DATE('01/08/2022','DD/MM/YYYY'),'EDUCATORE CANE CUCCIOLO',300,'010234105');
INSERT INTO CORSO_DI_ADDESTRAMENTO (CODICE_CORSO,INIZIO_CORSO,FINE_CORSO, NOME_CORSO,TARIFFA_ADDESTRATORE,NUMERO_TESSERINO_ADDESTRATORE) VALUES ('002',TO_DATE('01/08/2022','DD/MM/YYYY'),TO_DATE('01/09/2022','DD/MM/YYYY'),'EDUCATORE CANE TAGLIA MEDIA',500,'010234004');
INSERT INTO CORSO_DI_ADDESTRAMENTO (CODICE_CORSO,INIZIO_CORSO,FINE_CORSO, NOME_CORSO,TARIFFA_ADDESTRATORE,NUMERO_TESSERINO_ADDESTRATORE) VALUES ('003',TO_DATE('01/07/2022','DD/MM/YYYY'),TO_DATE('01/07/2022','DD/MM/YYYY'),'EDUCATORE CANE DI RAZZA',700,'010234106');
INSERT INTO CORSO_DI_ADDESTRAMENTO (CODICE_CORSO,INIZIO_CORSO,FINE_CORSO, NOME_CORSO,TARIFFA_ADDESTRATORE,NUMERO_TESSERINO_ADDESTRATORE) VALUES ('004',TO_DATE('01/07/2022','DD/MM/YYYY'),TO_DATE('01/08/2022','DD/MM/YYYY'),'PULIZIA E IGIENE PER CANI',70,'010234205');
INSERT INTO CORSO_DI_ADDESTRAMENTO (CODICE_CORSO,INIZIO_CORSO,FINE_CORSO, NOME_CORSO,TARIFFA_ADDESTRATORE,NUMERO_TESSERINO_ADDESTRATORE) VALUES ('005',TO_DATE('10/05/2022','DD/MM/YYYY'),TO_DATE('10/06/2022','DD/MM/YYYY'),'TRATTAMENTI SPECIFICI',100,'010234110');
INSERT INTO CORSO_DI_ADDESTRAMENTO (CODICE_CORSO,INIZIO_CORSO,FINE_CORSO, NOME_CORSO,TARIFFA_ADDESTRATORE,NUMERO_TESSERINO_ADDESTRATORE) VALUES ('006',TO_DATE('01/07/2022','DD/MM/YYYY'),TO_DATE('01/08/2022','DD/MM/YYYY'),'SALUTE A 4 ZAMPE',200,'010235100');
INSERT INTO CORSO_DI_ADDESTRAMENTO (CODICE_CORSO,INIZIO_CORSO,FINE_CORSO, NOME_CORSO,TARIFFA_ADDESTRATORE,NUMERO_TESSERINO_ADDESTRATORE) VALUES ('007',TO_DATE('15/07/2022','DD/MM/YYYY'),TO_DATE('15/08/2022','DD/MM/YYYY'),'PULIZIA ACQUARIO',50,'010234016');
INSERT INTO CORSO_DI_ADDESTRAMENTO (CODICE_CORSO,INIZIO_CORSO,FINE_CORSO, NOME_CORSO,TARIFFA_ADDESTRATORE,NUMERO_TESSERINO_ADDESTRATORE) VALUES ('008',TO_DATE('01/07/2022','DD/MM/YYYY'),TO_DATE('01/07/2022','DD/MM/YYYY'),'BUONE ABITUDINI DEI CUCCIOLI',150,'010234007');
INSERT INTO CORSO_DI_ADDESTRAMENTO (CODICE_CORSO,INIZIO_CORSO,FINE_CORSO, NOME_CORSO,TARIFFA_ADDESTRATORE,NUMERO_TESSERINO_ADDESTRATORE) VALUES ('009',TO_DATE('01/07/2022','DD/MM/YYYY'),TO_DATE('01/08/2022','DD/MM/YYYY'),'PREMIAZIONI',50,'010234012');
INSERT INTO CORSO_DI_ADDESTRAMENTO (CODICE_CORSO,INIZIO_CORSO,FINE_CORSO, NOME_CORSO,TARIFFA_ADDESTRATORE,NUMERO_TESSERINO_ADDESTRATORE) VALUES ('010',TO_DATE('12/05/2022','DD/MM/YYYY'),TO_DATE('12/06/2022','DD/MM/YYYY'),'EDUCAZIONE ALIMENTARE 4 ZAMPE',100,'010235102');
INSERT INTO CORSO_DI_ADDESTRAMENTO (CODICE_CORSO,INIZIO_CORSO,FINE_CORSO, NOME_CORSO,TARIFFA_ADDESTRATORE,NUMERO_TESSERINO_ADDESTRATORE) VALUES ('011',TO_DATE('01/07/2022','DD/MM/YYYY'),TO_DATE('01/08/2022','DD/MM/YYYY'),'MINIGIOCHI PER DIVERTIMENTO CUCCIOLI',50,'010234014');
INSERT INTO CORSO_DI_ADDESTRAMENTO (CODICE_CORSO,INIZIO_CORSO,FINE_CORSO, NOME_CORSO,TARIFFA_ADDESTRATORE,NUMERO_TESSERINO_ADDESTRATORE) VALUES ('012',TO_DATE('01/07/2022','DD/MM/YYYY'),TO_DATE('01/09/2022','DD/MM/YYYY'),'COMANDI BASE',200,'010234020');
INSERT INTO CORSO_DI_ADDESTRAMENTO (CODICE_CORSO,INIZIO_CORSO,FINE_CORSO, NOME_CORSO,TARIFFA_ADDESTRATORE,NUMERO_TESSERINO_ADDESTRATORE) VALUES ('013',TO_DATE('04/07/2022','DD/MM/YYYY'),TO_DATE('04/09/2022','DD/MM/YYYY'),'EDUCAZIONE ALIMENTARE RETTILI',70,'010234020');
INSERT INTO CORSO_DI_ADDESTRAMENTO (CODICE_CORSO,INIZIO_CORSO,FINE_CORSO, NOME_CORSO,TARIFFA_ADDESTRATORE,NUMERO_TESSERINO_ADDESTRATORE) VALUES ('014',TO_DATE('01/09/2022','DD/MM/YYYY'),TO_DATE('01/10/2022','DD/MM/YYYY'),'ADDESTRAMENTO VOLATILI',150,'010234020');
INSERT INTO CORSO_DI_ADDESTRAMENTO (CODICE_CORSO,INIZIO_CORSO,FINE_CORSO, NOME_CORSO,TARIFFA_ADDESTRATORE,NUMERO_TESSERINO_ADDESTRATORE) VALUES ('015',TO_DATE('01/12/2022','DD/MM/YYYY'),TO_DATE('01/01/2023','DD/MM/YYYY'),'ADDESTRAMI',200,'010234020');
COMMIT;


INSERT INTO SI_ISCRIVE (CF_CLIENTE, CODICE_CORSO, DATA_ISCRIZIONE,COSTO_ISCRIZIONE,MOD_PAGAMENTO) VALUES ('DNSMTT00P23F839I','001',TO_DATE('02/01/2022','DD/MM/YY'),200,1);
INSERT INTO SI_ISCRIVE (CF_CLIENTE, CODICE_CORSO, DATA_ISCRIZIONE,COSTO_ISCRIZIONE,MOD_PAGAMENTO) VALUES ('BNCMRA70A20H501B','002',TO_DATE('10/01/2022','DD/MM/YY'),250,1);
INSERT INTO SI_ISCRIVE (CF_CLIENTE, CODICE_CORSO, DATA_ISCRIZIONE,COSTO_ISCRIZIONE,MOD_PAGAMENTO) VALUES ('RSSMRA66A02A408M','003',TO_DATE('15/01/2022','DD/MM/YY'),320,1);
INSERT INTO SI_ISCRIVE (CF_CLIENTE, CODICE_CORSO, DATA_ISCRIZIONE,COSTO_ISCRIZIONE,MOD_PAGAMENTO) VALUES ('DFLTRS87P29F389F','004',TO_DATE('08/02/2022','DD/MM/YY'),300,0);
INSERT INTO SI_ISCRIVE (CF_CLIENTE, CODICE_CORSO, DATA_ISCRIZIONE,COSTO_ISCRIZIONE,MOD_PAGAMENTO) VALUES ('SPSFNC83L51A509B','005',TO_DATE('18/02/2022','DD/MM/YY'),400,1);
INSERT INTO SI_ISCRIVE (CF_CLIENTE, CODICE_CORSO, DATA_ISCRIZIONE,COSTO_ISCRIZIONE,MOD_PAGAMENTO) VALUES ('TSCNNP90M01B963D','006',TO_DATE('23/02/2022','DD/MM/YY'),500,1);
INSERT INTO SI_ISCRIVE (CF_CLIENTE, CODICE_CORSO, DATA_ISCRIZIONE,COSTO_ISCRIZIONE,MOD_PAGAMENTO) VALUES ('RMMCRL85A62A509Z','007',TO_DATE('13/03/2022','DD/MM/YY'),200,0);
INSERT INTO SI_ISCRIVE (CF_CLIENTE, CODICE_CORSO, DATA_ISCRIZIONE,COSTO_ISCRIZIONE,MOD_PAGAMENTO) VALUES ('TRRLNZ99C19F839S','008',TO_DATE('19/03/2022','DD/MM/YY'),400,0);
INSERT INTO SI_ISCRIVE (CF_CLIENTE, CODICE_CORSO, DATA_ISCRIZIONE,COSTO_ISCRIZIONE,MOD_PAGAMENTO) VALUES ('CRLMFR75M56F839U','009',TO_DATE('24/03/2022','DD/MM/YY'),200,0);
INSERT INTO SI_ISCRIVE (CF_CLIENTE, CODICE_CORSO, DATA_ISCRIZIONE,COSTO_ISCRIZIONE,MOD_PAGAMENTO) VALUES ('MRNVCN88T17B963G','010',TO_DATE('03/04/2022','DD/MM/YY'),170,0);
INSERT INTO SI_ISCRIVE (CF_CLIENTE, CODICE_CORSO, DATA_ISCRIZIONE,COSTO_ISCRIZIONE,MOD_PAGAMENTO) VALUES ('MMEGLI00B60F839J','011',TO_DATE('12/04/2022','DD/MM/YY'),320,1);
INSERT INTO SI_ISCRIVE (CF_CLIENTE, CODICE_CORSO, DATA_ISCRIZIONE,COSTO_ISCRIZIONE,MOD_PAGAMENTO) VALUES ('DNNFRC75E15H703B','012',TO_DATE('29/04/2022','DD/MM/YY'),500,1);
INSERT INTO SI_ISCRIVE (CF_CLIENTE, CODICE_CORSO, DATA_ISCRIZIONE,COSTO_ISCRIZIONE,MOD_PAGAMENTO) VALUES ('DMGLGU77R07F839V','013',TO_DATE('03/05/2022','DD/MM/YY'),220,0);
INSERT INTO SI_ISCRIVE (CF_CLIENTE, CODICE_CORSO, DATA_ISCRIZIONE,COSTO_ISCRIZIONE,MOD_PAGAMENTO) VALUES ('VLLPIA94T59H703Z','014',TO_DATE('14/05/2022','DD/MM/YY'),340,0);
INSERT INTO SI_ISCRIVE (CF_CLIENTE, CODICE_CORSO, DATA_ISCRIZIONE,COSTO_ISCRIZIONE,MOD_PAGAMENTO) VALUES ('LBNRRT77S10F839Z','015',TO_DATE('08/06/2022','DD/MM/YY'),550,1);
COMMIT;


INSERT INTO DIPENDENTE (NUMERO_REPARTO,CF,NOME,SECONDO_NOME,COGNOME,DATA_NASCITA,VIA,CIVICO,CAP,CITTA,SESSO,DATA_ASSUNZIONE,NUMERO_CELLULARE,EMAIL) VALUES (01,'1111111111111111','MARCO','LUIGI','FIORILLO',TO_DATE('20/09/2000','DD/MM/YYYY'),'DIAZ',20,'80018','MUGNANO DI NAPOLI','M',TO_DATE('01/01/2022','DD/MM/YYYY'),'3313598033','MARCOLUIGIFIORILLO@GMAIL.COM');
INSERT INTO DIPENDENTE (NUMERO_REPARTO,CF,NOME,SECONDO_NOME,COGNOME,DATA_NASCITA,VIA,CIVICO,CAP,CITTA,SESSO,DATA_ASSUNZIONE,NUMERO_CELLULARE,EMAIL) VALUES (02,'1111111111111110','SIMONE',NULL,'DANISI',TO_DATE('23/10/2000','DD/MM/YYYY'),'SANSONE',54,'80011','ACERRA','M',TO_DATE('01/01/2022','DD/MM/YYYY'),'3313368033','SIMONEDAN@GMAIL.COM');
INSERT INTO DIPENDENTE (NUMERO_REPARTO,CF,NOME,SECONDO_NOME,COGNOME,DATA_NASCITA,VIA,CIVICO,CAP,CITTA,SESSO,DATA_ASSUNZIONE,NUMERO_CELLULARE,EMAIL) VALUES (03,'1111111111111100','FRANCESCO',NULL,'CORVO',TO_DATE('08/12/2000','DD/MM/YYYY'),'GALILEO GALILEI',8,'80023','CAIVANO','M',TO_DATE('01/01/2022','DD/MM/YYYY'),'3312712533','FRANCISRAVEN@HOTMAIL.COM');
INSERT INTO DIPENDENTE (NUMERO_REPARTO,CF,NOME,SECONDO_NOME,COGNOME,DATA_NASCITA,VIA,CIVICO,CAP,CITTA,SESSO,DATA_ASSUNZIONE,NUMERO_CELLULARE,EMAIL) VALUES (04,'1111111111111000','TERESA','BIANCA','BIANCO',TO_DATE('20/11/2001','DD/MM/YYYY'),'CALTANISSETTA',2,'81033','CASAL DI PRINCIPE','F',TO_DATE('01/01/2022','DD/MM/YYYY'),'3317169654','BIANCABIANCO@GMAIL.COM');
INSERT INTO DIPENDENTE (NUMERO_REPARTO,CF,NOME,SECONDO_NOME,COGNOME,DATA_NASCITA,VIA,CIVICO,CAP,CITTA,SESSO,DATA_ASSUNZIONE,NUMERO_CELLULARE,EMAIL) VALUES (05,'1111111111110000','MARCO',NULL,'FIORE',TO_DATE('15/09/1999','DD/MM/YYYY'),'DIAZ',20,'80044','OTTAVIANO','M',TO_DATE('01/01/2022','DD/MM/YYYY'),'3313598035','MARCOFIORE@GMAIL.COM');
INSERT INTO DIPENDENTE (NUMERO_REPARTO,CF,NOME,SECONDO_NOME,COGNOME,DATA_NASCITA,VIA,CIVICO,CAP,CITTA,SESSO,DATA_ASSUNZIONE,NUMERO_CELLULARE,EMAIL) VALUES (06,'1111111111100000','MATTEO',NULL,'MAIONE',TO_DATE('20/09/1998','DD/MM/YYYY'),'DIAZ',20,'81012','ALVIGNANO','M',TO_DATE('01/01/2022','DD/MM/YYYY'),'3313598040','MATTEOMAIONE@GMAIL.COM');
INSERT INTO DIPENDENTE (NUMERO_REPARTO,CF,NOME,SECONDO_NOME,COGNOME,DATA_NASCITA,VIA,CIVICO,CAP,CITTA,SESSO,DATA_ASSUNZIONE,NUMERO_CELLULARE,EMAIL) VALUES (07,'1111111111000000','GINNI',NULL,'DANISI',TO_DATE('10/01/2000','DD/MM/YYYY'),'DIAZ',20,'81100','CASERTA','M',TO_DATE('01/01/2022','DD/MM/YYYY'),'3313598051','GIOVANNIDANISI@GMAIL.COM');
INSERT INTO DIPENDENTE (NUMERO_REPARTO,CF,NOME,SECONDO_NOME,COGNOME,DATA_NASCITA,VIA,CIVICO,CAP,CITTA,SESSO,DATA_ASSUNZIONE,NUMERO_CELLULARE,EMAIL) VALUES (08,'1111111110000000','GIUSEPPE',NULL,'SCHIANO',TO_DATE('24/03/2000','DD/MM/YYYY'),'DIAZ',20,'80013','CASALNUOVO DI NAPOLI','M',TO_DATE('01/01/2022','DD/MM/YYYY'),'3313598062','GIUSEPPESCHIANO@GMAIL.COM');
INSERT INTO DIPENDENTE (NUMERO_REPARTO,CF,NOME,SECONDO_NOME,COGNOME,DATA_NASCITA,VIA,CIVICO,CAP,CITTA,SESSO,DATA_ASSUNZIONE,NUMERO_CELLULARE,EMAIL) VALUES (09,'1111111100000000','ELENA','MARIA','MENNA',TO_DATE('04/03/2001','DD/MM/YYYY'),'DOMENICO BIONDI',20,'80018','MUGNANO DI NAPOLI','F',TO_DATE('01/01/2022','DD/MM/YYYY'),'3313620023','MARYMENNA@GMAIL.COM');
INSERT INTO DIPENDENTE (NUMERO_REPARTO,CF,NOME,SECONDO_NOME,COGNOME,DATA_NASCITA,VIA,CIVICO,CAP,CITTA,SESSO,DATA_ASSUNZIONE,NUMERO_CELLULARE,EMAIL) VALUES (10,'1111111000000000','BEATRICE','TOXO','PARISI',TO_DATE('14/02/2001','DD/MM/YYYY'),'MICIO',20,'81033','CASAL DI PRINCIPE','F',TO_DATE('01/01/2022','DD/MM/YYYY'),'3313698033','BEAPARISI@GMAIL.COM');
INSERT INTO DIPENDENTE (NUMERO_REPARTO,CF,NOME,SECONDO_NOME,COGNOME,DATA_NASCITA,VIA,CIVICO,CAP,CITTA,SESSO,DATA_ASSUNZIONE,NUMERO_CELLULARE,EMAIL) VALUES (11,'1111110000000000','LUCA',NULL,'DI MEGLIO',TO_DATE('19/12/2000','DD/MM/YYYY'),'DIAZ',20,'80041','BOSCOREALE','M',TO_DATE('01/01/2022','DD/MM/YYYY'),'3313508033','LUCADIMEGLIO@GMAIL.COM');
INSERT INTO DIPENDENTE (NUMERO_REPARTO,CF,NOME,SECONDO_NOME,COGNOME,DATA_NASCITA,VIA,CIVICO,CAP,CITTA,SESSO,DATA_ASSUNZIONE,NUMERO_CELLULARE,EMAIL) VALUES (12,'1111100000000000','MICHELE',NULL,'FRENA',TO_DATE('05/11/1996','DD/MM/YYYY'),'DIAZ',20,'84043','AGROPOLI','M',TO_DATE('01/01/2022','DD/MM/YYYY'),'3313728033','MICHELEFRENA@GMAIL.COM');
INSERT INTO DIPENDENTE (NUMERO_REPARTO,CF,NOME,SECONDO_NOME,COGNOME,DATA_NASCITA,VIA,CIVICO,CAP,CITTA,SESSO,DATA_ASSUNZIONE,NUMERO_CELLULARE,EMAIL) VALUES (13,'1111000000000000','GIANCARLO',NULL,'SCHIANO',TO_DATE('13/07/1999','DD/MM/YYYY'),'DIAZ',20,'80025','CASANDRINO','M',TO_DATE('01/01/2022','DD/MM/YYYY'),'3313808033','GIANCARLOSCHIANO01@GMAIL.COM');
INSERT INTO DIPENDENTE (NUMERO_REPARTO,CF,NOME,SECONDO_NOME,COGNOME,DATA_NASCITA,VIA,CIVICO,CAP,CITTA,SESSO,DATA_ASSUNZIONE,NUMERO_CELLULARE,EMAIL) VALUES (14,'1110000000000000','CARLO',NULL,'TARANTINO',TO_DATE('19/02/2001','DD/MM/YYYY'),'DIAZ',20,'80038','POMIGLIANO D''ARCO','M',TO_DATE('01/01/2022','DD/MM/YYYY'),'3313308033','TARANTINOCARLO00@GMAIL.COM');
INSERT INTO DIPENDENTE (NUMERO_REPARTO,CF,NOME,SECONDO_NOME,COGNOME,DATA_NASCITA,VIA,CIVICO,CAP,CITTA,SESSO,DATA_ASSUNZIONE,NUMERO_CELLULARE,EMAIL) VALUES (15,'1100000000000000','ALESSIO',NULL,'DE MATTEIS',TO_DATE('01/05/2001','DD/MM/YYYY'),'DIAZ',20,'80031','BRUSCIANO','M',TO_DATE('01/01/2022','DD/MM/YYYY'),'3313408033','ALESSIO_DEMATTEIS@GMAIL.COM');
INSERT INTO DIPENDENTE (NUMERO_REPARTO,CF,NOME,SECONDO_NOME,COGNOME,DATA_NASCITA,VIA,CIVICO,CAP,CITTA,SESSO,DATA_ASSUNZIONE,NUMERO_CELLULARE,EMAIL) VALUES (01,'1000000000000000','FRANCESCO',NULL,'QUARANTA',TO_DATE('19/05/2001','DD/MM/YYYY'),'DIAZ',20,'80038','POMIGLIANO D''ARCO','M',TO_DATE('01/01/2022','DD/MM/YYYY'),'3313308035','FRA_QUARANTA@GMAIL.COM');
INSERT INTO DIPENDENTE (NUMERO_REPARTO,CF,NOME,SECONDO_NOME,COGNOME,DATA_NASCITA,VIA,CIVICO,CAP,CITTA,SESSO,DATA_ASSUNZIONE,NUMERO_CELLULARE,EMAIL) VALUES (07,'0000000000000000','ALESSANDRO',NULL,'DE MATTEIS',TO_DATE('01/07/2001','DD/MM/YYYY'),'DIAZ',20,'80031','BRUSCIANO','M',TO_DATE('01/01/2022','DD/MM/YYYY'),'3313408039','ALESSANDRO_DEMATTEIS@GMAIL.COM');
COMMIT;


INSERT INTO STIPENDIO (CF_DIPENDENTE,DATA_STIPENDIO,IBAN_DIPENDENTE,TOTALE_STIPENDIO) VALUES ('1111111111111111',TO_DATE('01/02/2022','DD/MM/YYYY'),'IT44S0300203280358763615268',1200);
INSERT INTO STIPENDIO (CF_DIPENDENTE,DATA_STIPENDIO,IBAN_DIPENDENTE,TOTALE_STIPENDIO) VALUES ('1111111111111110',TO_DATE('01/02/2022','DD/MM/YYYY'),'IT92T0300203280175448894498',1100);
INSERT INTO STIPENDIO (CF_DIPENDENTE,DATA_STIPENDIO,IBAN_DIPENDENTE,TOTALE_STIPENDIO) VALUES ('1111111111111100',TO_DATE('01/02/2022','DD/MM/YYYY'),'IT03K0300203280879641393818',1200);
INSERT INTO STIPENDIO (CF_DIPENDENTE,DATA_STIPENDIO,IBAN_DIPENDENTE,TOTALE_STIPENDIO) VALUES ('1111111111111000',TO_DATE('01/02/2022','DD/MM/YYYY'),'IT03E0300203280362839127131',1000);
INSERT INTO STIPENDIO (CF_DIPENDENTE,DATA_STIPENDIO,IBAN_DIPENDENTE,TOTALE_STIPENDIO) VALUES ('1111111111110000',TO_DATE('01/02/2022','DD/MM/YYYY'),'IT46T0300203280987881153359',1200);
INSERT INTO STIPENDIO (CF_DIPENDENTE,DATA_STIPENDIO,IBAN_DIPENDENTE,TOTALE_STIPENDIO) VALUES ('1111111111100000',TO_DATE('01/02/2022','DD/MM/YYYY'),'IT13T0300203280692861326513',1200);
INSERT INTO STIPENDIO (CF_DIPENDENTE,DATA_STIPENDIO,IBAN_DIPENDENTE,TOTALE_STIPENDIO) VALUES ('1111111111000000',TO_DATE('01/02/2022','DD/MM/YYYY'),'IT21B0300203280825881376659',1200);
INSERT INTO STIPENDIO (CF_DIPENDENTE,DATA_STIPENDIO,IBAN_DIPENDENTE,TOTALE_STIPENDIO) VALUES ('1111111110000000',TO_DATE('01/02/2022','DD/MM/YYYY'),'IT11M0300203280693979939842',1200);
INSERT INTO STIPENDIO (CF_DIPENDENTE,DATA_STIPENDIO,IBAN_DIPENDENTE,TOTALE_STIPENDIO) VALUES ('1111111100000000',TO_DATE('01/02/2022','DD/MM/YYYY'),'IT89O0300203280864938364194',1200);
INSERT INTO STIPENDIO (CF_DIPENDENTE,DATA_STIPENDIO,IBAN_DIPENDENTE,TOTALE_STIPENDIO) VALUES ('1111111000000000',TO_DATE('01/02/2022','DD/MM/YYYY'),'IT69K0300203280723652886226',900);
INSERT INTO STIPENDIO (CF_DIPENDENTE,DATA_STIPENDIO,IBAN_DIPENDENTE,TOTALE_STIPENDIO) VALUES ('1111110000000000',TO_DATE('01/02/2022','DD/MM/YYYY'),'IT60E0300203280211992544984',1200);
INSERT INTO STIPENDIO (CF_DIPENDENTE,DATA_STIPENDIO,IBAN_DIPENDENTE,TOTALE_STIPENDIO) VALUES ('1111100000000000',TO_DATE('01/02/2022','DD/MM/YYYY'),'IT34Z0300203280378292485593',1200);
INSERT INTO STIPENDIO (CF_DIPENDENTE,DATA_STIPENDIO,IBAN_DIPENDENTE,TOTALE_STIPENDIO) VALUES ('1111000000000000',TO_DATE('01/02/2022','DD/MM/YYYY'),'IT65T0300203280457778895498',1200);
INSERT INTO STIPENDIO (CF_DIPENDENTE,DATA_STIPENDIO,IBAN_DIPENDENTE,TOTALE_STIPENDIO) VALUES ('1110000000000000',TO_DATE('01/02/2022','DD/MM/YYYY'),'IT28P0300203280364945182258',950);
INSERT INTO STIPENDIO (CF_DIPENDENTE,DATA_STIPENDIO,IBAN_DIPENDENTE,TOTALE_STIPENDIO) VALUES ('1100000000000000',TO_DATE('01/02/2022','DD/MM/YYYY'),'IT46F0300203280296229141166',1200);
INSERT INTO STIPENDIO (CF_DIPENDENTE,DATA_STIPENDIO,IBAN_DIPENDENTE,TOTALE_STIPENDIO) VALUES ('1000000000000000',TO_DATE('01/02/2022','DD/MM/YYYY'),'IT94U0300203280468695466526',1200);
INSERT INTO STIPENDIO (CF_DIPENDENTE,DATA_STIPENDIO,IBAN_DIPENDENTE,TOTALE_STIPENDIO) VALUES ('0000000000000000',TO_DATE('01/02/2022','DD/MM/YYYY'),'IT44A0300203280623179359994',1200);
COMMIT;


UPDATE REPARTO SET CF_CAPOREPARTO ='1111111111111111' WHERE NUMERO_REPARTO = 1;
UPDATE REPARTO SET CF_CAPOREPARTO ='1111111111111110' WHERE NUMERO_REPARTO = 2;
UPDATE REPARTO SET CF_CAPOREPARTO ='1111111111111100' WHERE NUMERO_REPARTO = 3;
UPDATE REPARTO SET CF_CAPOREPARTO ='1111111111111000' WHERE NUMERO_REPARTO = 4;
UPDATE REPARTO SET CF_CAPOREPARTO ='1111111111110000' WHERE NUMERO_REPARTO = 5;
UPDATE REPARTO SET CF_CAPOREPARTO ='1111111111100000' WHERE NUMERO_REPARTO = 6;
UPDATE REPARTO SET CF_CAPOREPARTO ='1111111111000000' WHERE NUMERO_REPARTO = 7;
UPDATE REPARTO SET CF_CAPOREPARTO ='1111111110000000' WHERE NUMERO_REPARTO = 8;
UPDATE REPARTO SET CF_CAPOREPARTO ='1111111100000000' WHERE NUMERO_REPARTO = 9;
UPDATE REPARTO SET CF_CAPOREPARTO ='1111111000000000' WHERE NUMERO_REPARTO = 10;
UPDATE REPARTO SET CF_CAPOREPARTO ='1111110000000000' WHERE NUMERO_REPARTO = 11;
UPDATE REPARTO SET CF_CAPOREPARTO ='1111100000000000' WHERE NUMERO_REPARTO = 12;
UPDATE REPARTO SET CF_CAPOREPARTO ='1111000000000000' WHERE NUMERO_REPARTO = 13;
UPDATE REPARTO SET CF_CAPOREPARTO ='1110000000000000' WHERE NUMERO_REPARTO = 14;
UPDATE REPARTO SET CF_CAPOREPARTO ='1100000000000000' WHERE NUMERO_REPARTO = 15;
COMMIT;


INSERT INTO TURNI_DI_LAVORO (GIORNATA_DI_LAVORO,ORA_INIZIO,ORA_FINE) VALUES (TO_DATE('01/01/2022','DD/MM/YYYY'),TO_TIMESTAMP('08:00','HH24:MI'),TO_TIMESTAMP('14:00','HH24:MI')); 
INSERT INTO TURNI_DI_LAVORO (GIORNATA_DI_LAVORO,ORA_INIZIO,ORA_FINE) VALUES (TO_DATE('02/01/2022','DD/MM/YYYY'),TO_TIMESTAMP('08:00','HH24:MI'),TO_TIMESTAMP('14:00','HH24:MI')); 
INSERT INTO TURNI_DI_LAVORO (GIORNATA_DI_LAVORO,ORA_INIZIO,ORA_FINE) VALUES (TO_DATE('03/01/2022','DD/MM/YYYY'),TO_TIMESTAMP('08:00','HH24:MI'),TO_TIMESTAMP('14:00','HH24:MI')); 
INSERT INTO TURNI_DI_LAVORO (GIORNATA_DI_LAVORO,ORA_INIZIO,ORA_FINE) VALUES (TO_DATE('03/01/2022','DD/MM/YYYY'),TO_TIMESTAMP('14:00','HH24:MI'),TO_TIMESTAMP('20:00','HH24:MI')); 
INSERT INTO TURNI_DI_LAVORO (GIORNATA_DI_LAVORO,ORA_INIZIO,ORA_FINE) VALUES (TO_DATE('04/01/2022','DD/MM/YYYY'),TO_TIMESTAMP('08:00','HH24:MI'),TO_TIMESTAMP('14:00','HH24:MI')); 
INSERT INTO TURNI_DI_LAVORO (GIORNATA_DI_LAVORO,ORA_INIZIO,ORA_FINE) VALUES (TO_DATE('04/01/2022','DD/MM/YYYY'),TO_TIMESTAMP('14:00','HH24:MI'),TO_TIMESTAMP('20:00','HH24:MI')); 
INSERT INTO TURNI_DI_LAVORO (GIORNATA_DI_LAVORO,ORA_INIZIO,ORA_FINE) VALUES (TO_DATE('05/01/2022','DD/MM/YYYY'),TO_TIMESTAMP('08:00','HH24:MI'),TO_TIMESTAMP('14:00','HH24:MI')); 
INSERT INTO TURNI_DI_LAVORO (GIORNATA_DI_LAVORO,ORA_INIZIO,ORA_FINE) VALUES (TO_DATE('05/01/2022','DD/MM/YYYY'),TO_TIMESTAMP('14:00','HH24:MI'),TO_TIMESTAMP('20:00','HH24:MI')); 
INSERT INTO TURNI_DI_LAVORO (GIORNATA_DI_LAVORO,ORA_INIZIO,ORA_FINE) VALUES (TO_DATE('06/01/2022','DD/MM/YYYY'),TO_TIMESTAMP('08:00','HH24:MI'),TO_TIMESTAMP('14:00','HH24:MI')); 
INSERT INTO TURNI_DI_LAVORO (GIORNATA_DI_LAVORO,ORA_INIZIO,ORA_FINE) VALUES (TO_DATE('06/01/2022','DD/MM/YYYY'),TO_TIMESTAMP('14:00','HH24:MI'),TO_TIMESTAMP('20:00','HH24:MI')); 
INSERT INTO TURNI_DI_LAVORO (GIORNATA_DI_LAVORO,ORA_INIZIO,ORA_FINE) VALUES (TO_DATE('07/01/2022','DD/MM/YYYY'),TO_TIMESTAMP('08:00','HH24:MI'),TO_TIMESTAMP('14:00','HH24:MI')); 
INSERT INTO TURNI_DI_LAVORO (GIORNATA_DI_LAVORO,ORA_INIZIO,ORA_FINE) VALUES (TO_DATE('07/01/2022','DD/MM/YYYY'),TO_TIMESTAMP('14:00','HH24:MI'),TO_TIMESTAMP('20:00','HH24:MI')); 
INSERT INTO TURNI_DI_LAVORO (GIORNATA_DI_LAVORO,ORA_INIZIO,ORA_FINE) VALUES (TO_DATE('08/01/2022','DD/MM/YYYY'),TO_TIMESTAMP('08:00','HH24:MI'),TO_TIMESTAMP('14:00','HH24:MI')); 
INSERT INTO TURNI_DI_LAVORO (GIORNATA_DI_LAVORO,ORA_INIZIO,ORA_FINE) VALUES (TO_DATE('09/01/2022','DD/MM/YYYY'),TO_TIMESTAMP('08:00','HH24:MI'),TO_TIMESTAMP('14:00','HH24:MI')); 
COMMIT;


INSERT INTO E_PRESENTE (GIORNATA_DI_LAVORO,ORA_INIZIO,CF_DIPENDENTE,E_PRESENTE,ORA_ENTRATA,ORA_USCITA) VALUES (TO_DATE('01/01/2022','DD/MM/YYYY'),TO_TIMESTAMP('08:00','HH24:MI'),'1111111111111111','Y',TO_TIMESTAMP('08:00','HH24:MI'),TO_TIMESTAMP('13:00','HH24:MI'));
INSERT INTO E_PRESENTE (GIORNATA_DI_LAVORO,ORA_INIZIO,CF_DIPENDENTE,E_PRESENTE,ORA_ENTRATA,ORA_USCITA) VALUES (TO_DATE('01/01/2022','DD/MM/YYYY'),TO_TIMESTAMP('08:00','HH24:MI'),'1111111111111110','Y',TO_TIMESTAMP('08:00','HH24:MI'),TO_TIMESTAMP('14:00','HH24:MI'));
INSERT INTO E_PRESENTE (GIORNATA_DI_LAVORO,ORA_INIZIO,CF_DIPENDENTE,E_PRESENTE,ORA_ENTRATA,ORA_USCITA) VALUES (TO_DATE('01/01/2022','DD/MM/YYYY'),TO_TIMESTAMP('08:00','HH24:MI'),'1111111111111100','Y',TO_TIMESTAMP('08:00','HH24:MI'),TO_TIMESTAMP('14:00','HH24:MI'));
INSERT INTO E_PRESENTE (GIORNATA_DI_LAVORO,ORA_INIZIO,CF_DIPENDENTE,E_PRESENTE,ORA_ENTRATA,ORA_USCITA) VALUES (TO_DATE('01/01/2022','DD/MM/YYYY'),TO_TIMESTAMP('08:00','HH24:MI'),'1111111111111000','Y',TO_TIMESTAMP('09:00','HH24:MI'),TO_TIMESTAMP('14:00','HH24:MI'));
INSERT INTO E_PRESENTE (GIORNATA_DI_LAVORO,ORA_INIZIO,CF_DIPENDENTE,E_PRESENTE,ORA_ENTRATA,ORA_USCITA) VALUES (TO_DATE('01/01/2022','DD/MM/YYYY'),TO_TIMESTAMP('08:00','HH24:MI'),'1111111111110000','Y',TO_TIMESTAMP('08:00','HH24:MI'),TO_TIMESTAMP('14:00','HH24:MI'));
INSERT INTO E_PRESENTE (GIORNATA_DI_LAVORO,ORA_INIZIO,CF_DIPENDENTE,E_PRESENTE,ORA_ENTRATA,ORA_USCITA) VALUES (TO_DATE('01/01/2022','DD/MM/YYYY'),TO_TIMESTAMP('08:00','HH24:MI'),'1111111111100000','Y',TO_TIMESTAMP('08:00','HH24:MI'),TO_TIMESTAMP('14:00','HH24:MI'));
INSERT INTO E_PRESENTE (GIORNATA_DI_LAVORO,ORA_INIZIO,CF_DIPENDENTE,E_PRESENTE,ORA_ENTRATA,ORA_USCITA) VALUES (TO_DATE('01/01/2022','DD/MM/YYYY'),TO_TIMESTAMP('08:00','HH24:MI'),'1111111111000000','Y',TO_TIMESTAMP('10:00','HH24:MI'),TO_TIMESTAMP('14:00','HH24:MI'));
INSERT INTO E_PRESENTE (GIORNATA_DI_LAVORO,ORA_INIZIO,CF_DIPENDENTE,E_PRESENTE,ORA_ENTRATA,ORA_USCITA) VALUES (TO_DATE('01/01/2022','DD/MM/YYYY'),TO_TIMESTAMP('08:00','HH24:MI'),'1111111110000000','Y',TO_TIMESTAMP('08:00','HH24:MI'),TO_TIMESTAMP('14:00','HH24:MI'));
INSERT INTO E_PRESENTE (GIORNATA_DI_LAVORO,ORA_INIZIO,CF_DIPENDENTE,E_PRESENTE,ORA_ENTRATA,ORA_USCITA) VALUES (TO_DATE('01/01/2022','DD/MM/YYYY'),TO_TIMESTAMP('08:00','HH24:MI'),'1111111100000000','Y',TO_TIMESTAMP('08:00','HH24:MI'),TO_TIMESTAMP('14:00','HH24:MI'));
INSERT INTO E_PRESENTE (GIORNATA_DI_LAVORO,ORA_INIZIO,CF_DIPENDENTE,E_PRESENTE,ORA_ENTRATA,ORA_USCITA) VALUES (TO_DATE('01/01/2022','DD/MM/YYYY'),TO_TIMESTAMP('08:00','HH24:MI'),'1111111000000000','Y',TO_TIMESTAMP('08:00','HH24:MI'),TO_TIMESTAMP('14:00','HH24:MI'));
COMMIT;


INSERT INTO E_PRESENTE (GIORNATA_DI_LAVORO,ORA_INIZIO,CF_DIPENDENTE,E_PRESENTE,ORA_ENTRATA,ORA_USCITA) VALUES (TO_DATE('02/01/2022','DD/MM/YYYY'),TO_TIMESTAMP('08:00','HH24:MI'),'1111111110000000','Y',TO_TIMESTAMP('08:00','HH24:MI'),TO_TIMESTAMP('14:00','HH24:MI'));
INSERT INTO E_PRESENTE (GIORNATA_DI_LAVORO,ORA_INIZIO,CF_DIPENDENTE,E_PRESENTE,ORA_ENTRATA,ORA_USCITA) VALUES (TO_DATE('02/01/2022','DD/MM/YYYY'),TO_TIMESTAMP('08:00','HH24:MI'),'1111111100000000','Y',TO_TIMESTAMP('08:00','HH24:MI'),TO_TIMESTAMP('12:00','HH24:MI'));
INSERT INTO E_PRESENTE (GIORNATA_DI_LAVORO,ORA_INIZIO,CF_DIPENDENTE,E_PRESENTE,ORA_ENTRATA,ORA_USCITA) VALUES (TO_DATE('02/01/2022','DD/MM/YYYY'),TO_TIMESTAMP('08:00','HH24:MI'),'1111111000000000','Y',TO_TIMESTAMP('08:00','HH24:MI'),TO_TIMESTAMP('14:00','HH24:MI'));
INSERT INTO E_PRESENTE (GIORNATA_DI_LAVORO,ORA_INIZIO,CF_DIPENDENTE,E_PRESENTE,ORA_ENTRATA,ORA_USCITA) VALUES (TO_DATE('02/01/2022','DD/MM/YYYY'),TO_TIMESTAMP('08:00','HH24:MI'),'1111110000000000','Y',TO_TIMESTAMP('08:00','HH24:MI'),TO_TIMESTAMP('14:00','HH24:MI'));
INSERT INTO E_PRESENTE (GIORNATA_DI_LAVORO,ORA_INIZIO,CF_DIPENDENTE,E_PRESENTE,ORA_ENTRATA,ORA_USCITA) VALUES (TO_DATE('02/01/2022','DD/MM/YYYY'),TO_TIMESTAMP('08:00','HH24:MI'),'1111100000000000','Y',TO_TIMESTAMP('08:00','HH24:MI'),TO_TIMESTAMP('14:00','HH24:MI'));
INSERT INTO E_PRESENTE (GIORNATA_DI_LAVORO,ORA_INIZIO,CF_DIPENDENTE,E_PRESENTE,ORA_ENTRATA,ORA_USCITA) VALUES (TO_DATE('02/01/2022','DD/MM/YYYY'),TO_TIMESTAMP('08:00','HH24:MI'),'1111000000000000','Y',TO_TIMESTAMP('12:00','HH24:MI'),TO_TIMESTAMP('14:00','HH24:MI'));
INSERT INTO E_PRESENTE (GIORNATA_DI_LAVORO,ORA_INIZIO,CF_DIPENDENTE,E_PRESENTE,ORA_ENTRATA,ORA_USCITA) VALUES (TO_DATE('02/01/2022','DD/MM/YYYY'),TO_TIMESTAMP('08:00','HH24:MI'),'1110000000000000','Y',TO_TIMESTAMP('08:00','HH24:MI'),TO_TIMESTAMP('14:00','HH24:MI'));
INSERT INTO E_PRESENTE (GIORNATA_DI_LAVORO,ORA_INIZIO,CF_DIPENDENTE,E_PRESENTE,ORA_ENTRATA,ORA_USCITA) VALUES (TO_DATE('02/01/2022','DD/MM/YYYY'),TO_TIMESTAMP('08:00','HH24:MI'),'1100000000000000','Y',TO_TIMESTAMP('08:00','HH24:MI'),TO_TIMESTAMP('14:00','HH24:MI'));
INSERT INTO E_PRESENTE (GIORNATA_DI_LAVORO,ORA_INIZIO,CF_DIPENDENTE,E_PRESENTE,ORA_ENTRATA,ORA_USCITA) VALUES (TO_DATE('02/01/2022','DD/MM/YYYY'),TO_TIMESTAMP('08:00','HH24:MI'),'1000000000000000','Y',TO_TIMESTAMP('08:00','HH24:MI'),TO_TIMESTAMP('14:00','HH24:MI'));
INSERT INTO E_PRESENTE (GIORNATA_DI_LAVORO,ORA_INIZIO,CF_DIPENDENTE,E_PRESENTE,ORA_ENTRATA,ORA_USCITA) VALUES (TO_DATE('02/01/2022','DD/MM/YYYY'),TO_TIMESTAMP('08:00','HH24:MI'),'0000000000000000','Y',TO_TIMESTAMP('08:00','HH24:MI'),TO_TIMESTAMP('14:00','HH24:MI'));
COMMIT;


INSERT INTO E_PRESENTE (GIORNATA_DI_LAVORO,ORA_INIZIO,CF_DIPENDENTE,E_PRESENTE,ORA_ENTRATA,ORA_USCITA) VALUES (TO_DATE('03/01/2022','DD/MM/YYYY'),TO_TIMESTAMP('08:00','HH24:MI'),'1111111111111111','Y',TO_TIMESTAMP('08:00','HH24:MI'),TO_TIMESTAMP('14:00','HH24:MI'));
INSERT INTO E_PRESENTE (GIORNATA_DI_LAVORO,ORA_INIZIO,CF_DIPENDENTE,E_PRESENTE,ORA_ENTRATA,ORA_USCITA) VALUES (TO_DATE('03/01/2022','DD/MM/YYYY'),TO_TIMESTAMP('08:00','HH24:MI'),'1111111111111110','Y',TO_TIMESTAMP('08:30','HH24:MI'),TO_TIMESTAMP('14:00','HH24:MI'));
INSERT INTO E_PRESENTE (GIORNATA_DI_LAVORO,ORA_INIZIO,CF_DIPENDENTE,E_PRESENTE,ORA_ENTRATA,ORA_USCITA) VALUES (TO_DATE('03/01/2022','DD/MM/YYYY'),TO_TIMESTAMP('08:00','HH24:MI'),'1111111111111100','Y',TO_TIMESTAMP('08:00','HH24:MI'),TO_TIMESTAMP('13:00','HH24:MI'));
INSERT INTO E_PRESENTE (GIORNATA_DI_LAVORO,ORA_INIZIO,CF_DIPENDENTE,E_PRESENTE,ORA_ENTRATA,ORA_USCITA) VALUES (TO_DATE('03/01/2022','DD/MM/YYYY'),TO_TIMESTAMP('08:00','HH24:MI'),'1111111111111000','Y',TO_TIMESTAMP('08:00','HH24:MI'),TO_TIMESTAMP('14:00','HH24:MI'));
INSERT INTO E_PRESENTE (GIORNATA_DI_LAVORO,ORA_INIZIO,CF_DIPENDENTE,E_PRESENTE,ORA_ENTRATA,ORA_USCITA) VALUES (TO_DATE('03/01/2022','DD/MM/YYYY'),TO_TIMESTAMP('08:00','HH24:MI'),'1111111111110000','Y',TO_TIMESTAMP('08:00','HH24:MI'),TO_TIMESTAMP('14:00','HH24:MI'));
INSERT INTO E_PRESENTE (GIORNATA_DI_LAVORO,ORA_INIZIO,CF_DIPENDENTE,E_PRESENTE,ORA_ENTRATA,ORA_USCITA) VALUES (TO_DATE('03/01/2022','DD/MM/YYYY'),TO_TIMESTAMP('08:00','HH24:MI'),'1111111111100000','Y',TO_TIMESTAMP('11:00','HH24:MI'),TO_TIMESTAMP('14:00','HH24:MI'));
INSERT INTO E_PRESENTE (GIORNATA_DI_LAVORO,ORA_INIZIO,CF_DIPENDENTE,E_PRESENTE,ORA_ENTRATA,ORA_USCITA) VALUES (TO_DATE('03/01/2022','DD/MM/YYYY'),TO_TIMESTAMP('08:00','HH24:MI'),'1111111111000000','N',NULL,NULL);
INSERT INTO E_PRESENTE (GIORNATA_DI_LAVORO,ORA_INIZIO,CF_DIPENDENTE,E_PRESENTE,ORA_ENTRATA,ORA_USCITA) VALUES (TO_DATE('03/01/2022','DD/MM/YYYY'),TO_TIMESTAMP('14:00','HH24:MI'),'1111110000000000','Y',TO_TIMESTAMP('14:00','HH24:MI'),TO_TIMESTAMP('19:00','HH24:MI'));
INSERT INTO E_PRESENTE (GIORNATA_DI_LAVORO,ORA_INIZIO,CF_DIPENDENTE,E_PRESENTE,ORA_ENTRATA,ORA_USCITA) VALUES (TO_DATE('03/01/2022','DD/MM/YYYY'),TO_TIMESTAMP('14:00','HH24:MI'),'1111100000000000','Y',TO_TIMESTAMP('14:00','HH24:MI'),TO_TIMESTAMP('20:00','HH24:MI'));
INSERT INTO E_PRESENTE (GIORNATA_DI_LAVORO,ORA_INIZIO,CF_DIPENDENTE,E_PRESENTE,ORA_ENTRATA,ORA_USCITA) VALUES (TO_DATE('03/01/2022','DD/MM/YYYY'),TO_TIMESTAMP('14:00','HH24:MI'),'1111000000000000','Y',TO_TIMESTAMP('14:00','HH24:MI'),TO_TIMESTAMP('20:00','HH24:MI'));
INSERT INTO E_PRESENTE (GIORNATA_DI_LAVORO,ORA_INIZIO,CF_DIPENDENTE,E_PRESENTE,ORA_ENTRATA,ORA_USCITA) VALUES (TO_DATE('03/01/2022','DD/MM/YYYY'),TO_TIMESTAMP('14:00','HH24:MI'),'1110000000000000','Y',TO_TIMESTAMP('14:00','HH24:MI'),TO_TIMESTAMP('18:00','HH24:MI'));
INSERT INTO E_PRESENTE (GIORNATA_DI_LAVORO,ORA_INIZIO,CF_DIPENDENTE,E_PRESENTE,ORA_ENTRATA,ORA_USCITA) VALUES (TO_DATE('03/01/2022','DD/MM/YYYY'),TO_TIMESTAMP('14:00','HH24:MI'),'1100000000000000','Y',TO_TIMESTAMP('15:00','HH24:MI'),TO_TIMESTAMP('20:00','HH24:MI'));
INSERT INTO E_PRESENTE (GIORNATA_DI_LAVORO,ORA_INIZIO,CF_DIPENDENTE,E_PRESENTE,ORA_ENTRATA,ORA_USCITA) VALUES (TO_DATE('03/01/2022','DD/MM/YYYY'),TO_TIMESTAMP('14:00','HH24:MI'),'1000000000000000','Y',TO_TIMESTAMP('16:00','HH24:MI'),TO_TIMESTAMP('20:00','HH24:MI'));
INSERT INTO E_PRESENTE (GIORNATA_DI_LAVORO,ORA_INIZIO,CF_DIPENDENTE,E_PRESENTE,ORA_ENTRATA,ORA_USCITA) VALUES (TO_DATE('03/01/2022','DD/MM/YYYY'),TO_TIMESTAMP('14:00','HH24:MI'),'0000000000000000','Y',TO_TIMESTAMP('14:00','HH24:MI'),TO_TIMESTAMP('20:00','HH24:MI'));
COMMIT;


INSERT INTO E_PRESENTE (GIORNATA_DI_LAVORO,ORA_INIZIO,CF_DIPENDENTE,E_PRESENTE,ORA_ENTRATA,ORA_USCITA) VALUES (TO_DATE('04/01/2022','DD/MM/YYYY'),TO_TIMESTAMP('08:00','HH24:MI'),'1111111111111111','Y',TO_TIMESTAMP('08:00','HH24:MI'),TO_TIMESTAMP('14:00','HH24:MI'));
INSERT INTO E_PRESENTE (GIORNATA_DI_LAVORO,ORA_INIZIO,CF_DIPENDENTE,E_PRESENTE,ORA_ENTRATA,ORA_USCITA) VALUES (TO_DATE('04/01/2022','DD/MM/YYYY'),TO_TIMESTAMP('08:00','HH24:MI'),'1111111111111110','Y',TO_TIMESTAMP('08:00','HH24:MI'),TO_TIMESTAMP('14:00','HH24:MI'));
INSERT INTO E_PRESENTE (GIORNATA_DI_LAVORO,ORA_INIZIO,CF_DIPENDENTE,E_PRESENTE,ORA_ENTRATA,ORA_USCITA) VALUES (TO_DATE('04/01/2022','DD/MM/YYYY'),TO_TIMESTAMP('08:00','HH24:MI'),'1111111111111100','Y',TO_TIMESTAMP('08:00','HH24:MI'),TO_TIMESTAMP('14:00','HH24:MI'));
INSERT INTO E_PRESENTE (GIORNATA_DI_LAVORO,ORA_INIZIO,CF_DIPENDENTE,E_PRESENTE,ORA_ENTRATA,ORA_USCITA) VALUES (TO_DATE('04/01/2022','DD/MM/YYYY'),TO_TIMESTAMP('08:00','HH24:MI'),'1111111111111000','Y',TO_TIMESTAMP('08:00','HH24:MI'),TO_TIMESTAMP('14:00','HH24:MI'));
INSERT INTO E_PRESENTE (GIORNATA_DI_LAVORO,ORA_INIZIO,CF_DIPENDENTE,E_PRESENTE,ORA_ENTRATA,ORA_USCITA) VALUES (TO_DATE('04/01/2022','DD/MM/YYYY'),TO_TIMESTAMP('08:00','HH24:MI'),'1111111111110000','Y',TO_TIMESTAMP('08:00','HH24:MI'),TO_TIMESTAMP('14:00','HH24:MI'));
INSERT INTO E_PRESENTE (GIORNATA_DI_LAVORO,ORA_INIZIO,CF_DIPENDENTE,E_PRESENTE,ORA_ENTRATA,ORA_USCITA) VALUES (TO_DATE('04/01/2022','DD/MM/YYYY'),TO_TIMESTAMP('08:00','HH24:MI'),'1111111111100000','Y',TO_TIMESTAMP('08:00','HH24:MI'),TO_TIMESTAMP('14:00','HH24:MI'));
INSERT INTO E_PRESENTE (GIORNATA_DI_LAVORO,ORA_INIZIO,CF_DIPENDENTE,E_PRESENTE,ORA_ENTRATA,ORA_USCITA) VALUES (TO_DATE('04/01/2022','DD/MM/YYYY'),TO_TIMESTAMP('08:00','HH24:MI'),'1111111111000000','Y',TO_TIMESTAMP('08:00','HH24:MI'),TO_TIMESTAMP('14:00','HH24:MI'));
INSERT INTO E_PRESENTE (GIORNATA_DI_LAVORO,ORA_INIZIO,CF_DIPENDENTE,E_PRESENTE,ORA_ENTRATA,ORA_USCITA) VALUES (TO_DATE('04/01/2022','DD/MM/YYYY'),TO_TIMESTAMP('08:00','HH24:MI'),'1111111110000000','Y',TO_TIMESTAMP('08:00','HH24:MI'),TO_TIMESTAMP('14:00','HH24:MI'));
INSERT INTO E_PRESENTE (GIORNATA_DI_LAVORO,ORA_INIZIO,CF_DIPENDENTE,E_PRESENTE,ORA_ENTRATA,ORA_USCITA) VALUES (TO_DATE('04/01/2022','DD/MM/YYYY'),TO_TIMESTAMP('08:00','HH24:MI'),'1111111100000000','Y',TO_TIMESTAMP('08:00','HH24:MI'),TO_TIMESTAMP('14:00','HH24:MI'));
INSERT INTO E_PRESENTE (GIORNATA_DI_LAVORO,ORA_INIZIO,CF_DIPENDENTE,E_PRESENTE,ORA_ENTRATA,ORA_USCITA) VALUES (TO_DATE('04/01/2022','DD/MM/YYYY'),TO_TIMESTAMP('14:00','HH24:MI'),'1111111000000000','Y',TO_TIMESTAMP('14:00','HH24:MI'),TO_TIMESTAMP('20:00','HH24:MI'));
INSERT INTO E_PRESENTE (GIORNATA_DI_LAVORO,ORA_INIZIO,CF_DIPENDENTE,E_PRESENTE,ORA_ENTRATA,ORA_USCITA) VALUES (TO_DATE('04/01/2022','DD/MM/YYYY'),TO_TIMESTAMP('14:00','HH24:MI'),'1111110000000000','Y',TO_TIMESTAMP('14:00','HH24:MI'),TO_TIMESTAMP('20:00','HH24:MI'));
INSERT INTO E_PRESENTE (GIORNATA_DI_LAVORO,ORA_INIZIO,CF_DIPENDENTE,E_PRESENTE,ORA_ENTRATA,ORA_USCITA) VALUES (TO_DATE('04/01/2022','DD/MM/YYYY'),TO_TIMESTAMP('14:00','HH24:MI'),'1111100000000000','Y',TO_TIMESTAMP('14:00','HH24:MI'),TO_TIMESTAMP('19:00','HH24:MI'));
INSERT INTO E_PRESENTE (GIORNATA_DI_LAVORO,ORA_INIZIO,CF_DIPENDENTE,E_PRESENTE,ORA_ENTRATA,ORA_USCITA) VALUES (TO_DATE('04/01/2022','DD/MM/YYYY'),TO_TIMESTAMP('14:00','HH24:MI'),'1111000000000000','Y',TO_TIMESTAMP('14:00','HH24:MI'),TO_TIMESTAMP('20:00','HH24:MI'));
INSERT INTO E_PRESENTE (GIORNATA_DI_LAVORO,ORA_INIZIO,CF_DIPENDENTE,E_PRESENTE,ORA_ENTRATA,ORA_USCITA) VALUES (TO_DATE('04/01/2022','DD/MM/YYYY'),TO_TIMESTAMP('14:00','HH24:MI'),'1110000000000000','Y',TO_TIMESTAMP('14:00','HH24:MI'),TO_TIMESTAMP('20:00','HH24:MI'));
INSERT INTO E_PRESENTE (GIORNATA_DI_LAVORO,ORA_INIZIO,CF_DIPENDENTE,E_PRESENTE,ORA_ENTRATA,ORA_USCITA) VALUES (TO_DATE('04/01/2022','DD/MM/YYYY'),TO_TIMESTAMP('14:00','HH24:MI'),'1100000000000000','Y',TO_TIMESTAMP('14:00','HH24:MI'),TO_TIMESTAMP('20:00','HH24:MI'));
INSERT INTO E_PRESENTE (GIORNATA_DI_LAVORO,ORA_INIZIO,CF_DIPENDENTE,E_PRESENTE,ORA_ENTRATA,ORA_USCITA) VALUES (TO_DATE('04/01/2022','DD/MM/YYYY'),TO_TIMESTAMP('14:00','HH24:MI'),'1000000000000000','Y',TO_TIMESTAMP('14:00','HH24:MI'),TO_TIMESTAMP('20:00','HH24:MI'));
INSERT INTO E_PRESENTE (GIORNATA_DI_LAVORO,ORA_INIZIO,CF_DIPENDENTE,E_PRESENTE,ORA_ENTRATA,ORA_USCITA) VALUES (TO_DATE('04/01/2022','DD/MM/YYYY'),TO_TIMESTAMP('14:00','HH24:MI'),'0000000000000000','Y',TO_TIMESTAMP('14:00','HH24:MI'),TO_TIMESTAMP('20:00','HH24:MI'));
COMMIT;


INSERT INTO E_PRESENTE (GIORNATA_DI_LAVORO,ORA_INIZIO,CF_DIPENDENTE,E_PRESENTE,ORA_ENTRATA,ORA_USCITA) VALUES (TO_DATE('05/01/2022','DD/MM/YYYY'),TO_TIMESTAMP('08:00','HH24:MI'),'1111111111111111','Y',TO_TIMESTAMP('08:00','HH24:MI'),TO_TIMESTAMP('14:00','HH24:MI'));
INSERT INTO E_PRESENTE (GIORNATA_DI_LAVORO,ORA_INIZIO,CF_DIPENDENTE,E_PRESENTE,ORA_ENTRATA,ORA_USCITA) VALUES (TO_DATE('05/01/2022','DD/MM/YYYY'),TO_TIMESTAMP('08:00','HH24:MI'),'1111111111111110','Y',TO_TIMESTAMP('08:00','HH24:MI'),TO_TIMESTAMP('14:00','HH24:MI'));
INSERT INTO E_PRESENTE (GIORNATA_DI_LAVORO,ORA_INIZIO,CF_DIPENDENTE,E_PRESENTE,ORA_ENTRATA,ORA_USCITA) VALUES (TO_DATE('05/01/2022','DD/MM/YYYY'),TO_TIMESTAMP('08:00','HH24:MI'),'1111111111111100','Y',TO_TIMESTAMP('08:00','HH24:MI'),TO_TIMESTAMP('14:00','HH24:MI'));
INSERT INTO E_PRESENTE (GIORNATA_DI_LAVORO,ORA_INIZIO,CF_DIPENDENTE,E_PRESENTE,ORA_ENTRATA,ORA_USCITA) VALUES (TO_DATE('05/01/2022','DD/MM/YYYY'),TO_TIMESTAMP('08:00','HH24:MI'),'1111111111111000','Y',TO_TIMESTAMP('12:00','HH24:MI'),TO_TIMESTAMP('14:00','HH24:MI'));
INSERT INTO E_PRESENTE (GIORNATA_DI_LAVORO,ORA_INIZIO,CF_DIPENDENTE,E_PRESENTE,ORA_ENTRATA,ORA_USCITA) VALUES (TO_DATE('05/01/2022','DD/MM/YYYY'),TO_TIMESTAMP('08:00','HH24:MI'),'1111111111110000','Y',TO_TIMESTAMP('08:00','HH24:MI'),TO_TIMESTAMP('14:00','HH24:MI'));
INSERT INTO E_PRESENTE (GIORNATA_DI_LAVORO,ORA_INIZIO,CF_DIPENDENTE,E_PRESENTE,ORA_ENTRATA,ORA_USCITA) VALUES (TO_DATE('05/01/2022','DD/MM/YYYY'),TO_TIMESTAMP('08:00','HH24:MI'),'1111111111100000','Y',TO_TIMESTAMP('10:00','HH24:MI'),TO_TIMESTAMP('14:00','HH24:MI'));
INSERT INTO E_PRESENTE (GIORNATA_DI_LAVORO,ORA_INIZIO,CF_DIPENDENTE,E_PRESENTE,ORA_ENTRATA,ORA_USCITA) VALUES (TO_DATE('05/01/2022','DD/MM/YYYY'),TO_TIMESTAMP('08:00','HH24:MI'),'1111111111000000','Y',TO_TIMESTAMP('08:00','HH24:MI'),TO_TIMESTAMP('14:00','HH24:MI'));
INSERT INTO E_PRESENTE (GIORNATA_DI_LAVORO,ORA_INIZIO,CF_DIPENDENTE,E_PRESENTE,ORA_ENTRATA,ORA_USCITA) VALUES (TO_DATE('05/01/2022','DD/MM/YYYY'),TO_TIMESTAMP('08:00','HH24:MI'),'1111111110000000','Y',TO_TIMESTAMP('08:00','HH24:MI'),TO_TIMESTAMP('14:00','HH24:MI'));
INSERT INTO E_PRESENTE (GIORNATA_DI_LAVORO,ORA_INIZIO,CF_DIPENDENTE,E_PRESENTE,ORA_ENTRATA,ORA_USCITA) VALUES (TO_DATE('05/01/2022','DD/MM/YYYY'),TO_TIMESTAMP('08:00','HH24:MI'),'1111111100000000','Y',TO_TIMESTAMP('08:00','HH24:MI'),TO_TIMESTAMP('14:00','HH24:MI'));
INSERT INTO E_PRESENTE (GIORNATA_DI_LAVORO,ORA_INIZIO,CF_DIPENDENTE,E_PRESENTE,ORA_ENTRATA,ORA_USCITA) VALUES (TO_DATE('05/01/2022','DD/MM/YYYY'),TO_TIMESTAMP('14:00','HH24:MI'),'1111111000000000','Y',TO_TIMESTAMP('14:00','HH24:MI'),TO_TIMESTAMP('20:00','HH24:MI'));
INSERT INTO E_PRESENTE (GIORNATA_DI_LAVORO,ORA_INIZIO,CF_DIPENDENTE,E_PRESENTE,ORA_ENTRATA,ORA_USCITA) VALUES (TO_DATE('05/01/2022','DD/MM/YYYY'),TO_TIMESTAMP('14:00','HH24:MI'),'1111110000000000','Y',TO_TIMESTAMP('14:00','HH24:MI'),TO_TIMESTAMP('20:00','HH24:MI'));
INSERT INTO E_PRESENTE (GIORNATA_DI_LAVORO,ORA_INIZIO,CF_DIPENDENTE,E_PRESENTE,ORA_ENTRATA,ORA_USCITA) VALUES (TO_DATE('05/01/2022','DD/MM/YYYY'),TO_TIMESTAMP('14:00','HH24:MI'),'1111100000000000','Y',TO_TIMESTAMP('14:00','HH24:MI'),TO_TIMESTAMP('20:00','HH24:MI'));
INSERT INTO E_PRESENTE (GIORNATA_DI_LAVORO,ORA_INIZIO,CF_DIPENDENTE,E_PRESENTE,ORA_ENTRATA,ORA_USCITA) VALUES (TO_DATE('05/01/2022','DD/MM/YYYY'),TO_TIMESTAMP('14:00','HH24:MI'),'1111000000000000','Y',TO_TIMESTAMP('14:00','HH24:MI'),TO_TIMESTAMP('20:00','HH24:MI'));
INSERT INTO E_PRESENTE (GIORNATA_DI_LAVORO,ORA_INIZIO,CF_DIPENDENTE,E_PRESENTE,ORA_ENTRATA,ORA_USCITA) VALUES (TO_DATE('05/01/2022','DD/MM/YYYY'),TO_TIMESTAMP('14:00','HH24:MI'),'1110000000000000','Y',TO_TIMESTAMP('14:00','HH24:MI'),TO_TIMESTAMP('20:00','HH24:MI'));
INSERT INTO E_PRESENTE (GIORNATA_DI_LAVORO,ORA_INIZIO,CF_DIPENDENTE,E_PRESENTE,ORA_ENTRATA,ORA_USCITA) VALUES (TO_DATE('05/01/2022','DD/MM/YYYY'),TO_TIMESTAMP('14:00','HH24:MI'),'1100000000000000','N',NULL,NULL);
INSERT INTO E_PRESENTE (GIORNATA_DI_LAVORO,ORA_INIZIO,CF_DIPENDENTE,E_PRESENTE,ORA_ENTRATA,ORA_USCITA) VALUES (TO_DATE('05/01/2022','DD/MM/YYYY'),TO_TIMESTAMP('14:00','HH24:MI'),'1000000000000000','Y',TO_TIMESTAMP('14:00','HH24:MI'),TO_TIMESTAMP('20:00','HH24:MI'));
INSERT INTO E_PRESENTE (GIORNATA_DI_LAVORO,ORA_INIZIO,CF_DIPENDENTE,E_PRESENTE,ORA_ENTRATA,ORA_USCITA) VALUES (TO_DATE('05/01/2022','DD/MM/YYYY'),TO_TIMESTAMP('14:00','HH24:MI'),'0000000000000000','Y',TO_TIMESTAMP('17:00','HH24:MI'),TO_TIMESTAMP('20:00','HH24:MI'));
COMMIT;


INSERT INTO E_PRESENTE (GIORNATA_DI_LAVORO,ORA_INIZIO,CF_DIPENDENTE,E_PRESENTE,ORA_ENTRATA,ORA_USCITA) VALUES (TO_DATE('06/01/2022','DD/MM/YYYY'),TO_TIMESTAMP('08:00','HH24:MI'),'1111111111111111','Y',TO_TIMESTAMP('08:00','HH24:MI'),TO_TIMESTAMP('14:00','HH24:MI'));
INSERT INTO E_PRESENTE (GIORNATA_DI_LAVORO,ORA_INIZIO,CF_DIPENDENTE,E_PRESENTE,ORA_ENTRATA,ORA_USCITA) VALUES (TO_DATE('06/01/2022','DD/MM/YYYY'),TO_TIMESTAMP('08:00','HH24:MI'),'1111111111111110','Y',TO_TIMESTAMP('08:00','HH24:MI'),TO_TIMESTAMP('13:00','HH24:MI'));
INSERT INTO E_PRESENTE (GIORNATA_DI_LAVORO,ORA_INIZIO,CF_DIPENDENTE,E_PRESENTE,ORA_ENTRATA,ORA_USCITA) VALUES (TO_DATE('06/01/2022','DD/MM/YYYY'),TO_TIMESTAMP('08:00','HH24:MI'),'1111111111111100','N',NULL,NULL);
INSERT INTO E_PRESENTE (GIORNATA_DI_LAVORO,ORA_INIZIO,CF_DIPENDENTE,E_PRESENTE,ORA_ENTRATA,ORA_USCITA) VALUES (TO_DATE('06/01/2022','DD/MM/YYYY'),TO_TIMESTAMP('08:00','HH24:MI'),'1111111111111000','Y',TO_TIMESTAMP('08:00','HH24:MI'),TO_TIMESTAMP('14:00','HH24:MI'));
INSERT INTO E_PRESENTE (GIORNATA_DI_LAVORO,ORA_INIZIO,CF_DIPENDENTE,E_PRESENTE,ORA_ENTRATA,ORA_USCITA) VALUES (TO_DATE('06/01/2022','DD/MM/YYYY'),TO_TIMESTAMP('08:00','HH24:MI'),'1111111111110000','Y',TO_TIMESTAMP('09:00','HH24:MI'),TO_TIMESTAMP('14:00','HH24:MI'));
INSERT INTO E_PRESENTE (GIORNATA_DI_LAVORO,ORA_INIZIO,CF_DIPENDENTE,E_PRESENTE,ORA_ENTRATA,ORA_USCITA) VALUES (TO_DATE('06/01/2022','DD/MM/YYYY'),TO_TIMESTAMP('08:00','HH24:MI'),'1111111111100000','Y',TO_TIMESTAMP('08:00','HH24:MI'),TO_TIMESTAMP('14:00','HH24:MI'));
INSERT INTO E_PRESENTE (GIORNATA_DI_LAVORO,ORA_INIZIO,CF_DIPENDENTE,E_PRESENTE,ORA_ENTRATA,ORA_USCITA) VALUES (TO_DATE('06/01/2022','DD/MM/YYYY'),TO_TIMESTAMP('08:00','HH24:MI'),'1111111111000000','Y',TO_TIMESTAMP('08:00','HH24:MI'),TO_TIMESTAMP('14:00','HH24:MI'));
INSERT INTO E_PRESENTE (GIORNATA_DI_LAVORO,ORA_INIZIO,CF_DIPENDENTE,E_PRESENTE,ORA_ENTRATA,ORA_USCITA) VALUES (TO_DATE('06/01/2022','DD/MM/YYYY'),TO_TIMESTAMP('08:00','HH24:MI'),'1111111110000000','Y',TO_TIMESTAMP('08:00','HH24:MI'),TO_TIMESTAMP('14:00','HH24:MI'));
INSERT INTO E_PRESENTE (GIORNATA_DI_LAVORO,ORA_INIZIO,CF_DIPENDENTE,E_PRESENTE,ORA_ENTRATA,ORA_USCITA) VALUES (TO_DATE('06/01/2022','DD/MM/YYYY'),TO_TIMESTAMP('08:00','HH24:MI'),'1111111100000000','Y',TO_TIMESTAMP('08:00','HH24:MI'),TO_TIMESTAMP('14:00','HH24:MI'));
INSERT INTO E_PRESENTE (GIORNATA_DI_LAVORO,ORA_INIZIO,CF_DIPENDENTE,E_PRESENTE,ORA_ENTRATA,ORA_USCITA) VALUES (TO_DATE('06/01/2022','DD/MM/YYYY'),TO_TIMESTAMP('14:00','HH24:MI'),'1111111000000000','Y',TO_TIMESTAMP('14:00','HH24:MI'),TO_TIMESTAMP('20:00','HH24:MI'));
INSERT INTO E_PRESENTE (GIORNATA_DI_LAVORO,ORA_INIZIO,CF_DIPENDENTE,E_PRESENTE,ORA_ENTRATA,ORA_USCITA) VALUES (TO_DATE('06/01/2022','DD/MM/YYYY'),TO_TIMESTAMP('14:00','HH24:MI'),'1111110000000000','Y',TO_TIMESTAMP('14:00','HH24:MI'),TO_TIMESTAMP('20:00','HH24:MI'));
INSERT INTO E_PRESENTE (GIORNATA_DI_LAVORO,ORA_INIZIO,CF_DIPENDENTE,E_PRESENTE,ORA_ENTRATA,ORA_USCITA) VALUES (TO_DATE('06/01/2022','DD/MM/YYYY'),TO_TIMESTAMP('14:00','HH24:MI'),'1111100000000000','Y',TO_TIMESTAMP('14:00','HH24:MI'),TO_TIMESTAMP('20:00','HH24:MI'));
INSERT INTO E_PRESENTE (GIORNATA_DI_LAVORO,ORA_INIZIO,CF_DIPENDENTE,E_PRESENTE,ORA_ENTRATA,ORA_USCITA) VALUES (TO_DATE('06/01/2022','DD/MM/YYYY'),TO_TIMESTAMP('14:00','HH24:MI'),'1111000000000000','Y',TO_TIMESTAMP('15:00','HH24:MI'),TO_TIMESTAMP('20:00','HH24:MI'));
INSERT INTO E_PRESENTE (GIORNATA_DI_LAVORO,ORA_INIZIO,CF_DIPENDENTE,E_PRESENTE,ORA_ENTRATA,ORA_USCITA) VALUES (TO_DATE('06/01/2022','DD/MM/YYYY'),TO_TIMESTAMP('14:00','HH24:MI'),'1110000000000000','Y',TO_TIMESTAMP('14:00','HH24:MI'),TO_TIMESTAMP('20:00','HH24:MI'));
INSERT INTO E_PRESENTE (GIORNATA_DI_LAVORO,ORA_INIZIO,CF_DIPENDENTE,E_PRESENTE,ORA_ENTRATA,ORA_USCITA) VALUES (TO_DATE('06/01/2022','DD/MM/YYYY'),TO_TIMESTAMP('14:00','HH24:MI'),'1100000000000000','Y',TO_TIMESTAMP('14:00','HH24:MI'),TO_TIMESTAMP('20:00','HH24:MI'));
INSERT INTO E_PRESENTE (GIORNATA_DI_LAVORO,ORA_INIZIO,CF_DIPENDENTE,E_PRESENTE,ORA_ENTRATA,ORA_USCITA) VALUES (TO_DATE('06/01/2022','DD/MM/YYYY'),TO_TIMESTAMP('14:00','HH24:MI'),'1000000000000000','Y',TO_TIMESTAMP('14:00','HH24:MI'),TO_TIMESTAMP('20:00','HH24:MI'));
INSERT INTO E_PRESENTE (GIORNATA_DI_LAVORO,ORA_INIZIO,CF_DIPENDENTE,E_PRESENTE,ORA_ENTRATA,ORA_USCITA) VALUES (TO_DATE('06/01/2022','DD/MM/YYYY'),TO_TIMESTAMP('14:00','HH24:MI'),'0000000000000000','Y',TO_TIMESTAMP('14:00','HH24:MI'),TO_TIMESTAMP('20:00','HH24:MI'));
COMMIT;


INSERT INTO E_PRESENTE (GIORNATA_DI_LAVORO,ORA_INIZIO,CF_DIPENDENTE,E_PRESENTE,ORA_ENTRATA,ORA_USCITA) VALUES (TO_DATE('07/01/2022','DD/MM/YYYY'),TO_TIMESTAMP('08:00','HH24:MI'),'1111111111111111','Y',TO_TIMESTAMP('08:00','HH24:MI'),TO_TIMESTAMP('14:00','HH24:MI'));
INSERT INTO E_PRESENTE (GIORNATA_DI_LAVORO,ORA_INIZIO,CF_DIPENDENTE,E_PRESENTE,ORA_ENTRATA,ORA_USCITA) VALUES (TO_DATE('07/01/2022','DD/MM/YYYY'),TO_TIMESTAMP('08:00','HH24:MI'),'1111111111111110','Y',TO_TIMESTAMP('08:00','HH24:MI'),TO_TIMESTAMP('14:00','HH24:MI'));
INSERT INTO E_PRESENTE (GIORNATA_DI_LAVORO,ORA_INIZIO,CF_DIPENDENTE,E_PRESENTE,ORA_ENTRATA,ORA_USCITA) VALUES (TO_DATE('07/01/2022','DD/MM/YYYY'),TO_TIMESTAMP('08:00','HH24:MI'),'1111111111111100','Y',TO_TIMESTAMP('08:00','HH24:MI'),TO_TIMESTAMP('14:00','HH24:MI'));
INSERT INTO E_PRESENTE (GIORNATA_DI_LAVORO,ORA_INIZIO,CF_DIPENDENTE,E_PRESENTE,ORA_ENTRATA,ORA_USCITA) VALUES (TO_DATE('07/01/2022','DD/MM/YYYY'),TO_TIMESTAMP('08:00','HH24:MI'),'1111111111111000','Y',TO_TIMESTAMP('08:00','HH24:MI'),TO_TIMESTAMP('14:00','HH24:MI'));
INSERT INTO E_PRESENTE (GIORNATA_DI_LAVORO,ORA_INIZIO,CF_DIPENDENTE,E_PRESENTE,ORA_ENTRATA,ORA_USCITA) VALUES (TO_DATE('07/01/2022','DD/MM/YYYY'),TO_TIMESTAMP('08:00','HH24:MI'),'1111111111110000','Y',TO_TIMESTAMP('08:30','HH24:MI'),TO_TIMESTAMP('14:00','HH24:MI'));
INSERT INTO E_PRESENTE (GIORNATA_DI_LAVORO,ORA_INIZIO,CF_DIPENDENTE,E_PRESENTE,ORA_ENTRATA,ORA_USCITA) VALUES (TO_DATE('07/01/2022','DD/MM/YYYY'),TO_TIMESTAMP('08:00','HH24:MI'),'1111111111100000','Y',TO_TIMESTAMP('08:00','HH24:MI'),TO_TIMESTAMP('14:00','HH24:MI'));
INSERT INTO E_PRESENTE (GIORNATA_DI_LAVORO,ORA_INIZIO,CF_DIPENDENTE,E_PRESENTE,ORA_ENTRATA,ORA_USCITA) VALUES (TO_DATE('07/01/2022','DD/MM/YYYY'),TO_TIMESTAMP('08:00','HH24:MI'),'1111111111000000','N',NULL,NULL);
INSERT INTO E_PRESENTE (GIORNATA_DI_LAVORO,ORA_INIZIO,CF_DIPENDENTE,E_PRESENTE,ORA_ENTRATA,ORA_USCITA) VALUES (TO_DATE('07/01/2022','DD/MM/YYYY'),TO_TIMESTAMP('08:00','HH24:MI'),'1111111110000000','Y',TO_TIMESTAMP('08:00','HH24:MI'),TO_TIMESTAMP('14:00','HH24:MI'));
INSERT INTO E_PRESENTE (GIORNATA_DI_LAVORO,ORA_INIZIO,CF_DIPENDENTE,E_PRESENTE,ORA_ENTRATA,ORA_USCITA) VALUES (TO_DATE('07/01/2022','DD/MM/YYYY'),TO_TIMESTAMP('08:00','HH24:MI'),'1111111100000000','Y',TO_TIMESTAMP('08:00','HH24:MI'),TO_TIMESTAMP('14:00','HH24:MI'));
INSERT INTO E_PRESENTE (GIORNATA_DI_LAVORO,ORA_INIZIO,CF_DIPENDENTE,E_PRESENTE,ORA_ENTRATA,ORA_USCITA) VALUES (TO_DATE('07/01/2022','DD/MM/YYYY'),TO_TIMESTAMP('14:00','HH24:MI'),'1111111000000000','Y',TO_TIMESTAMP('14:00','HH24:MI'),TO_TIMESTAMP('20:00','HH24:MI'));
INSERT INTO E_PRESENTE (GIORNATA_DI_LAVORO,ORA_INIZIO,CF_DIPENDENTE,E_PRESENTE,ORA_ENTRATA,ORA_USCITA) VALUES (TO_DATE('07/01/2022','DD/MM/YYYY'),TO_TIMESTAMP('14:00','HH24:MI'),'1111110000000000','Y',TO_TIMESTAMP('14:00','HH24:MI'),TO_TIMESTAMP('20:00','HH24:MI'));
INSERT INTO E_PRESENTE (GIORNATA_DI_LAVORO,ORA_INIZIO,CF_DIPENDENTE,E_PRESENTE,ORA_ENTRATA,ORA_USCITA) VALUES (TO_DATE('07/01/2022','DD/MM/YYYY'),TO_TIMESTAMP('14:00','HH24:MI'),'1111100000000000','Y',TO_TIMESTAMP('14:00','HH24:MI'),TO_TIMESTAMP('20:00','HH24:MI'));
INSERT INTO E_PRESENTE (GIORNATA_DI_LAVORO,ORA_INIZIO,CF_DIPENDENTE,E_PRESENTE,ORA_ENTRATA,ORA_USCITA) VALUES (TO_DATE('07/01/2022','DD/MM/YYYY'),TO_TIMESTAMP('14:00','HH24:MI'),'1111000000000000','Y',TO_TIMESTAMP('15:00','HH24:MI'),TO_TIMESTAMP('20:00','HH24:MI'));
INSERT INTO E_PRESENTE (GIORNATA_DI_LAVORO,ORA_INIZIO,CF_DIPENDENTE,E_PRESENTE,ORA_ENTRATA,ORA_USCITA) VALUES (TO_DATE('07/01/2022','DD/MM/YYYY'),TO_TIMESTAMP('14:00','HH24:MI'),'1110000000000000','Y',TO_TIMESTAMP('14:00','HH24:MI'),TO_TIMESTAMP('20:00','HH24:MI'));
INSERT INTO E_PRESENTE (GIORNATA_DI_LAVORO,ORA_INIZIO,CF_DIPENDENTE,E_PRESENTE,ORA_ENTRATA,ORA_USCITA) VALUES (TO_DATE('07/01/2022','DD/MM/YYYY'),TO_TIMESTAMP('14:00','HH24:MI'),'1100000000000000','Y',TO_TIMESTAMP('14:00','HH24:MI'),TO_TIMESTAMP('20:00','HH24:MI'));
INSERT INTO E_PRESENTE (GIORNATA_DI_LAVORO,ORA_INIZIO,CF_DIPENDENTE,E_PRESENTE,ORA_ENTRATA,ORA_USCITA) VALUES (TO_DATE('07/01/2022','DD/MM/YYYY'),TO_TIMESTAMP('14:00','HH24:MI'),'1000000000000000','Y',TO_TIMESTAMP('14:00','HH24:MI'),TO_TIMESTAMP('20:00','HH24:MI'));
INSERT INTO E_PRESENTE (GIORNATA_DI_LAVORO,ORA_INIZIO,CF_DIPENDENTE,E_PRESENTE,ORA_ENTRATA,ORA_USCITA) VALUES (TO_DATE('07/01/2022','DD/MM/YYYY'),TO_TIMESTAMP('14:00','HH24:MI'),'0000000000000000','Y',TO_TIMESTAMP('14:00','HH24:MI'),TO_TIMESTAMP('20:00','HH24:MI'));
COMMIT;


INSERT INTO E_PRESENTE (GIORNATA_DI_LAVORO,ORA_INIZIO,CF_DIPENDENTE,E_PRESENTE,ORA_ENTRATA,ORA_USCITA) VALUES (TO_DATE('08/01/2022','DD/MM/YYYY'),TO_TIMESTAMP('08:00','HH24:MI'),'1111111111111111','Y',TO_TIMESTAMP('08:00','HH24:MI'),TO_TIMESTAMP('14:00','HH24:MI'));
INSERT INTO E_PRESENTE (GIORNATA_DI_LAVORO,ORA_INIZIO,CF_DIPENDENTE,E_PRESENTE,ORA_ENTRATA,ORA_USCITA) VALUES (TO_DATE('08/01/2022','DD/MM/YYYY'),TO_TIMESTAMP('08:00','HH24:MI'),'1111111111111110','Y',TO_TIMESTAMP('08:00','HH24:MI'),TO_TIMESTAMP('14:00','HH24:MI'));
INSERT INTO E_PRESENTE (GIORNATA_DI_LAVORO,ORA_INIZIO,CF_DIPENDENTE,E_PRESENTE,ORA_ENTRATA,ORA_USCITA) VALUES (TO_DATE('08/01/2022','DD/MM/YYYY'),TO_TIMESTAMP('08:00','HH24:MI'),'1111111111111100','Y',TO_TIMESTAMP('08:00','HH24:MI'),TO_TIMESTAMP('14:00','HH24:MI'));
INSERT INTO E_PRESENTE (GIORNATA_DI_LAVORO,ORA_INIZIO,CF_DIPENDENTE,E_PRESENTE,ORA_ENTRATA,ORA_USCITA) VALUES (TO_DATE('08/01/2022','DD/MM/YYYY'),TO_TIMESTAMP('08:00','HH24:MI'),'1111111111111000','Y',TO_TIMESTAMP('09:00','HH24:MI'),TO_TIMESTAMP('14:00','HH24:MI'));
INSERT INTO E_PRESENTE (GIORNATA_DI_LAVORO,ORA_INIZIO,CF_DIPENDENTE,E_PRESENTE,ORA_ENTRATA,ORA_USCITA) VALUES (TO_DATE('08/01/2022','DD/MM/YYYY'),TO_TIMESTAMP('08:00','HH24:MI'),'1111111111110000','Y',TO_TIMESTAMP('08:00','HH24:MI'),TO_TIMESTAMP('14:00','HH24:MI'));
INSERT INTO E_PRESENTE (GIORNATA_DI_LAVORO,ORA_INIZIO,CF_DIPENDENTE,E_PRESENTE,ORA_ENTRATA,ORA_USCITA) VALUES (TO_DATE('08/01/2022','DD/MM/YYYY'),TO_TIMESTAMP('08:00','HH24:MI'),'1111111111100000','Y',TO_TIMESTAMP('08:00','HH24:MI'),TO_TIMESTAMP('14:00','HH24:MI'));
INSERT INTO E_PRESENTE (GIORNATA_DI_LAVORO,ORA_INIZIO,CF_DIPENDENTE,E_PRESENTE,ORA_ENTRATA,ORA_USCITA) VALUES (TO_DATE('08/01/2022','DD/MM/YYYY'),TO_TIMESTAMP('08:00','HH24:MI'),'1111111111000000','Y',TO_TIMESTAMP('08:00','HH24:MI'),TO_TIMESTAMP('14:00','HH24:MI'));
INSERT INTO E_PRESENTE (GIORNATA_DI_LAVORO,ORA_INIZIO,CF_DIPENDENTE,E_PRESENTE,ORA_ENTRATA,ORA_USCITA) VALUES (TO_DATE('08/01/2022','DD/MM/YYYY'),TO_TIMESTAMP('08:00','HH24:MI'),'1111111110000000','Y',TO_TIMESTAMP('08:00','HH24:MI'),TO_TIMESTAMP('14:00','HH24:MI'));
INSERT INTO E_PRESENTE (GIORNATA_DI_LAVORO,ORA_INIZIO,CF_DIPENDENTE,E_PRESENTE,ORA_ENTRATA,ORA_USCITA) VALUES (TO_DATE('08/01/2022','DD/MM/YYYY'),TO_TIMESTAMP('08:00','HH24:MI'),'1111111100000000','Y',TO_TIMESTAMP('08:00','HH24:MI'),TO_TIMESTAMP('14:00','HH24:MI'));
INSERT INTO E_PRESENTE (GIORNATA_DI_LAVORO,ORA_INIZIO,CF_DIPENDENTE,E_PRESENTE,ORA_ENTRATA,ORA_USCITA) VALUES (TO_DATE('08/01/2022','DD/MM/YYYY'),TO_TIMESTAMP('08:00','HH24:MI'),'1111111000000000','Y',TO_TIMESTAMP('08:00','HH24:MI'),TO_TIMESTAMP('14:00','HH24:MI'));
COMMIT;


INSERT INTO E_PRESENTE (GIORNATA_DI_LAVORO,ORA_INIZIO,CF_DIPENDENTE,E_PRESENTE,ORA_ENTRATA,ORA_USCITA) VALUES (TO_DATE('09/01/2022','DD/MM/YYYY'),TO_TIMESTAMP('08:00','HH24:MI'),'1111111110000000','Y',TO_TIMESTAMP('08:00','HH24:MI'),TO_TIMESTAMP('14:00','HH24:MI'));
INSERT INTO E_PRESENTE (GIORNATA_DI_LAVORO,ORA_INIZIO,CF_DIPENDENTE,E_PRESENTE,ORA_ENTRATA,ORA_USCITA) VALUES (TO_DATE('09/01/2022','DD/MM/YYYY'),TO_TIMESTAMP('08:00','HH24:MI'),'1111111100000000','Y',TO_TIMESTAMP('08:00','HH24:MI'),TO_TIMESTAMP('14:00','HH24:MI'));
INSERT INTO E_PRESENTE (GIORNATA_DI_LAVORO,ORA_INIZIO,CF_DIPENDENTE,E_PRESENTE,ORA_ENTRATA,ORA_USCITA) VALUES (TO_DATE('09/01/2022','DD/MM/YYYY'),TO_TIMESTAMP('08:00','HH24:MI'),'1111111000000000','N',NULL,NULL);
INSERT INTO E_PRESENTE (GIORNATA_DI_LAVORO,ORA_INIZIO,CF_DIPENDENTE,E_PRESENTE,ORA_ENTRATA,ORA_USCITA) VALUES (TO_DATE('09/01/2022','DD/MM/YYYY'),TO_TIMESTAMP('08:00','HH24:MI'),'1111110000000000','Y',TO_TIMESTAMP('08:00','HH24:MI'),TO_TIMESTAMP('14:00','HH24:MI'));
INSERT INTO E_PRESENTE (GIORNATA_DI_LAVORO,ORA_INIZIO,CF_DIPENDENTE,E_PRESENTE,ORA_ENTRATA,ORA_USCITA) VALUES (TO_DATE('09/01/2022','DD/MM/YYYY'),TO_TIMESTAMP('08:00','HH24:MI'),'1111100000000000','Y',TO_TIMESTAMP('08:00','HH24:MI'),TO_TIMESTAMP('14:00','HH24:MI'));
INSERT INTO E_PRESENTE (GIORNATA_DI_LAVORO,ORA_INIZIO,CF_DIPENDENTE,E_PRESENTE,ORA_ENTRATA,ORA_USCITA) VALUES (TO_DATE('09/01/2022','DD/MM/YYYY'),TO_TIMESTAMP('08:00','HH24:MI'),'1111000000000000','Y',TO_TIMESTAMP('08:00','HH24:MI'),TO_TIMESTAMP('14:00','HH24:MI'));
INSERT INTO E_PRESENTE (GIORNATA_DI_LAVORO,ORA_INIZIO,CF_DIPENDENTE,E_PRESENTE,ORA_ENTRATA,ORA_USCITA) VALUES (TO_DATE('09/01/2022','DD/MM/YYYY'),TO_TIMESTAMP('08:00','HH24:MI'),'1110000000000000','Y',TO_TIMESTAMP('09:00','HH24:MI'),TO_TIMESTAMP('14:00','HH24:MI'));
INSERT INTO E_PRESENTE (GIORNATA_DI_LAVORO,ORA_INIZIO,CF_DIPENDENTE,E_PRESENTE,ORA_ENTRATA,ORA_USCITA) VALUES (TO_DATE('09/01/2022','DD/MM/YYYY'),TO_TIMESTAMP('08:00','HH24:MI'),'1100000000000000','Y',TO_TIMESTAMP('08:00','HH24:MI'),TO_TIMESTAMP('14:00','HH24:MI'));
INSERT INTO E_PRESENTE (GIORNATA_DI_LAVORO,ORA_INIZIO,CF_DIPENDENTE,E_PRESENTE,ORA_ENTRATA,ORA_USCITA) VALUES (TO_DATE('09/01/2022','DD/MM/YYYY'),TO_TIMESTAMP('08:00','HH24:MI'),'1000000000000000','Y',TO_TIMESTAMP('08:00','HH24:MI'),TO_TIMESTAMP('14:00','HH24:MI'));
INSERT INTO E_PRESENTE (GIORNATA_DI_LAVORO,ORA_INIZIO,CF_DIPENDENTE,E_PRESENTE,ORA_ENTRATA,ORA_USCITA) VALUES (TO_DATE('09/01/2022','DD/MM/YYYY'),TO_TIMESTAMP('08:00','HH24:MI'),'0000000000000000','Y',TO_TIMESTAMP('08:00','HH24:MI'),TO_TIMESTAMP('14:00','HH24:MI'));
COMMIT;


INSERT INTO VETERINARIO (CODICE_VETERINARIO, NOME, COGNOME, DATA_DI_NASCITA) VALUES ('009670978905','RICCARDO','DI MAIO',TO_DATE('09/03/1977','DD/MM/YYYY'));
INSERT INTO VETERINARIO (CODICE_VETERINARIO, NOME, COGNOME, DATA_DI_NASCITA) VALUES ('004738285475','MATTIA','ESPOSITO',TO_DATE('17/02/1994','DD/MM/YYYY'));
INSERT INTO VETERINARIO (CODICE_VETERINARIO, NOME, COGNOME, DATA_DI_NASCITA) VALUES ('004788287462','LUCA','MARCONI', TO_DATE ('08/04/1969','DD/MM/YYYY'));
INSERT INTO VETERINARIO (CODICE_VETERINARIO, NOME, COGNOME, DATA_DI_NASCITA) VALUES ('004782948574','FRANCESCO','LONGOBARDO',TO_DATE('23/10/1991','DD/MM/YYYY'));
INSERT INTO VETERINARIO (CODICE_VETERINARIO, NOME, COGNOME, DATA_DI_NASCITA) VALUES ('004782540985','MARIO','PELUSO',TO_DATE('09/11/1987','DD/MM/YYYY'));
INSERT INTO VETERINARIO (CODICE_VETERINARIO, NOME, COGNOME, DATA_DI_NASCITA) VALUES ('004892939493','LUIGI','MORLANDO',TO_DATE('11/12/1990','DD/MM/YYYY'));
INSERT INTO VETERINARIO (CODICE_VETERINARIO, NOME, COGNOME, DATA_DI_NASCITA) VALUES ('004849393932','CARMEN','ESPOSITO', TO_DATE('03/03/1985','DD/MM/YYYY'));
INSERT INTO VETERINARIO (CODICE_VETERINARIO, NOME, COGNOME, DATA_DI_NASCITA) VALUES ('004893921303','MARIA','TODISCO',TO_DATE('06/09/1979','DD/MM/YYYY'));
INSERT INTO VETERINARIO (CODICE_VETERINARIO, NOME, COGNOME, DATA_DI_NASCITA) VALUES ('004893921390','FEDERICA','RUSSO',TO_DATE('10/06/1982','DD/MM/YYYY'));
INSERT INTO VETERINARIO (CODICE_VETERINARIO, NOME, COGNOME, DATA_DI_NASCITA) VALUES ('004892319302','MARCO','MAIONE',TO_DATE('15/12/1989','DD/MM/YYYY'));
INSERT INTO VETERINARIO (CODICE_VETERINARIO, NOME, COGNOME, DATA_DI_NASCITA) VALUES ('004892921103','FRANCESCA','DANISI',TO_DATE('23/09/1974','DD/MM/YYYY'));
INSERT INTO VETERINARIO (CODICE_VETERINARIO, NOME, COGNOME, DATA_DI_NASCITA) VALUES ('004893992930','MARCO','DI MEGLIO',TO_DATE('29/04/1989','DD/MM/YYYY'));
INSERT INTO VETERINARIO (CODICE_VETERINARIO, NOME, COGNOME, DATA_DI_NASCITA) VALUES ('004842921844','TERESA','CALIENDO',TO_DATE('30/05/1995','DD/MM/YYYY'));
INSERT INTO VETERINARIO (CODICE_VETERINARIO, NOME, COGNOME, DATA_DI_NASCITA) VALUES ('004892094849','LUCIA','CARPINO',TO_DATE('09/041988','DD/MM/YYYY'));
INSERT INTO VETERINARIO (CODICE_VETERINARIO, NOME, COGNOME, DATA_DI_NASCITA) VALUES ('004892927194','SARA','COCCO',TO_DATE('28/02/1970','DD/MM/YYYY'));
COMMIT;



INSERT INTO PRENOTAZIONE(CODICE_PRENOTAZIONE,DATA_PRENOTAZIONE,ORA_PRENOTAZIONE,TIPO_PRENOTAZIONE) VALUES ('234567',TO_DATE('01/01/2022','DD/MM/YYYY'),TO_DATE('09:00:00','HH24:MI:SS'),'P');
INSERT INTO PRENOTAZIONE(CODICE_PRENOTAZIONE,DATA_PRENOTAZIONE,ORA_PRENOTAZIONE,TIPO_PRENOTAZIONE) VALUES ('111110',TO_DATE('01/01/2022','DD/MM/YYYY'),TO_DATE('10:00:00','HH24:MI:SS'),'P');
INSERT INTO PRENOTAZIONE(CODICE_PRENOTAZIONE,DATA_PRENOTAZIONE,ORA_PRENOTAZIONE,TIPO_PRENOTAZIONE) VALUES ('111100',TO_DATE('02/01/2022','DD/MM/YYYY'),TO_DATE('09:00:00','HH24:MI:SS'),'P');
INSERT INTO PRENOTAZIONE(CODICE_PRENOTAZIONE,DATA_PRENOTAZIONE,ORA_PRENOTAZIONE,TIPO_PRENOTAZIONE) VALUES ('111000',TO_DATE('02/01/2022','DD/MM/YYYY'),TO_DATE('10:00:00','HH24:MI:SS'),'P');
INSERT INTO PRENOTAZIONE(CODICE_PRENOTAZIONE,DATA_PRENOTAZIONE,ORA_PRENOTAZIONE,TIPO_PRENOTAZIONE) VALUES ('110000',TO_DATE('02/01/2022','DD/MM/YYYY'),TO_DATE('16:00:00','HH24:MI:SS'),'P');
INSERT INTO PRENOTAZIONE(CODICE_PRENOTAZIONE,DATA_PRENOTAZIONE,ORA_PRENOTAZIONE,TIPO_PRENOTAZIONE) VALUES ('100000',TO_DATE('03/01/2022','DD/MM/YYYY'),TO_DATE('17:00:00','HH24:MI:SS'),'P');
INSERT INTO PRENOTAZIONE(CODICE_PRENOTAZIONE,DATA_PRENOTAZIONE,ORA_PRENOTAZIONE,TIPO_PRENOTAZIONE) VALUES ('000000',TO_DATE('04/01/2022','DD/MM/YYYY'),TO_DATE('18:00:00','HH24:MI:SS'),'P');
INSERT INTO PRENOTAZIONE(CODICE_PRENOTAZIONE,DATA_PRENOTAZIONE,ORA_PRENOTAZIONE,TIPO_PRENOTAZIONE) VALUES ('100001',TO_DATE('05/01/2022','DD/MM/YYYY'),TO_DATE('17:30:00','HH24:MI:SS'),'P');
INSERT INTO PRENOTAZIONE(CODICE_PRENOTAZIONE,DATA_PRENOTAZIONE,ORA_PRENOTAZIONE,TIPO_PRENOTAZIONE) VALUES ('110001',TO_DATE('12/01/2022','DD/MM/YYYY'),TO_DATE('10:00:00','HH24:MI:SS'),'P');
INSERT INTO PRENOTAZIONE(CODICE_PRENOTAZIONE,DATA_PRENOTAZIONE,ORA_PRENOTAZIONE,TIPO_PRENOTAZIONE) VALUES ('111011',TO_DATE('13/01/2022','DD/MM/YYYY'),TO_DATE('18:00:00','HH24:MI:SS'),'P');
INSERT INTO PRENOTAZIONE(CODICE_PRENOTAZIONE,DATA_PRENOTAZIONE,ORA_PRENOTAZIONE,TIPO_PRENOTAZIONE) VALUES ('111111',TO_DATE('17/01/2022','DD/MM/YYYY'),TO_DATE('09:30:00','HH24:MI:SS'),'P');
INSERT INTO PRENOTAZIONE(CODICE_PRENOTAZIONE,DATA_PRENOTAZIONE,ORA_PRENOTAZIONE,TIPO_PRENOTAZIONE) VALUES ('010101',TO_DATE('19/01/2022','DD/MM/YYYY'),TO_DATE('08:00:00','HH24:MI:SS'),'P');
INSERT INTO PRENOTAZIONE(CODICE_PRENOTAZIONE,DATA_PRENOTAZIONE,ORA_PRENOTAZIONE,TIPO_PRENOTAZIONE) VALUES ('101010',TO_DATE('20/01/2022','DD/MM/YYYY'),TO_DATE('10:00:00','HH24:MI:SS'),'P');
INSERT INTO PRENOTAZIONE(CODICE_PRENOTAZIONE,DATA_PRENOTAZIONE,ORA_PRENOTAZIONE,TIPO_PRENOTAZIONE) VALUES ('100201',TO_DATE('22/01/2022','DD/MM/YYYY'),TO_DATE('09:00:00','HH24:MI:SS'),'P');
INSERT INTO PRENOTAZIONE(CODICE_PRENOTAZIONE,DATA_PRENOTAZIONE,ORA_PRENOTAZIONE,TIPO_PRENOTAZIONE) VALUES ('110020',TO_DATE('23/01/2022','DD/MM/YYYY'),TO_DATE('08:30:00','HH24:MI:SS'),'P');
INSERT INTO PRENOTAZIONE(CODICE_PRENOTAZIONE,DATA_PRENOTAZIONE,ORA_PRENOTAZIONE,TIPO_PRENOTAZIONE) VALUES ('009344',TO_DATE('01/01/2022','DD/MM/YYYY'),TO_DATE('12:00:00','HH24:MI:SS'),'V');
INSERT INTO PRENOTAZIONE(CODICE_PRENOTAZIONE,DATA_PRENOTAZIONE,ORA_PRENOTAZIONE,TIPO_PRENOTAZIONE) VALUES ('004733',TO_DATE('01/01/2022','DD/MM/YYYY'),TO_DATE('15:00:00','HH24:MI:SS'),'V');
INSERT INTO PRENOTAZIONE(CODICE_PRENOTAZIONE,DATA_PRENOTAZIONE,ORA_PRENOTAZIONE,TIPO_PRENOTAZIONE) VALUES ('004782',TO_DATE('02/01/2022','DD/MM/YYYY'),TO_DATE('10:00:00','HH24:MI:SS'),'V');
INSERT INTO PRENOTAZIONE(CODICE_PRENOTAZIONE,DATA_PRENOTAZIONE,ORA_PRENOTAZIONE,TIPO_PRENOTAZIONE) VALUES ('004788',TO_DATE('02/01/2022','DD/MM/YYYY'),TO_DATE('15:00:00','HH24:MI:SS'),'V');
INSERT INTO PRENOTAZIONE(CODICE_PRENOTAZIONE,DATA_PRENOTAZIONE,ORA_PRENOTAZIONE,TIPO_PRENOTAZIONE) VALUES ('004785',TO_DATE('02/01/2022','DD/MM/YYYY'),TO_DATE('18:00:00','HH24:MI:SS'),'V');
INSERT INTO PRENOTAZIONE(CODICE_PRENOTAZIONE,DATA_PRENOTAZIONE,ORA_PRENOTAZIONE,TIPO_PRENOTAZIONE) VALUES ('004893',TO_DATE('03/01/2022','DD/MM/YYYY'),TO_DATE('17:30:00','HH24:MI:SS'),'V');
INSERT INTO PRENOTAZIONE(CODICE_PRENOTAZIONE,DATA_PRENOTAZIONE,ORA_PRENOTAZIONE,TIPO_PRENOTAZIONE) VALUES ('004843',TO_DATE('04/01/2022','DD/MM/YYYY'),TO_DATE('18:30:00','HH24:MI:SS'),'V');
INSERT INTO PRENOTAZIONE(CODICE_PRENOTAZIONE,DATA_PRENOTAZIONE,ORA_PRENOTAZIONE,TIPO_PRENOTAZIONE) VALUES ('004303',TO_DATE('05/01/2022','DD/MM/YYYY'),TO_DATE('15:30:00','HH24:MI:SS'),'V');
INSERT INTO PRENOTAZIONE(CODICE_PRENOTAZIONE,DATA_PRENOTAZIONE,ORA_PRENOTAZIONE,TIPO_PRENOTAZIONE) VALUES ('004390',TO_DATE('12/01/2022','DD/MM/YYYY'),TO_DATE('12:30:00','HH24:MI:SS'),'V');
INSERT INTO PRENOTAZIONE(CODICE_PRENOTAZIONE,DATA_PRENOTAZIONE,ORA_PRENOTAZIONE,TIPO_PRENOTAZIONE) VALUES ('004892',TO_DATE('13/01/2022','DD/MM/YYYY'),TO_DATE('18:30:00','HH24:MI:SS'),'V');
INSERT INTO PRENOTAZIONE(CODICE_PRENOTAZIONE,DATA_PRENOTAZIONE,ORA_PRENOTAZIONE,TIPO_PRENOTAZIONE) VALUES ('004891',TO_DATE('17/01/2022','DD/MM/YYYY'),TO_DATE('10:30:00','HH24:MI:SS'),'V');
INSERT INTO PRENOTAZIONE(CODICE_PRENOTAZIONE,DATA_PRENOTAZIONE,ORA_PRENOTAZIONE,TIPO_PRENOTAZIONE) VALUES ('004833',TO_DATE('20/01/2022','DD/MM/YYYY'),TO_DATE('10:30:00','HH24:MI:SS'),'V');
INSERT INTO PRENOTAZIONE(CODICE_PRENOTAZIONE,DATA_PRENOTAZIONE,ORA_PRENOTAZIONE,TIPO_PRENOTAZIONE) VALUES ('004339',TO_DATE('22/01/2022','DD/MM/YYYY'),TO_DATE('09:30:00','HH24:MI:SS'),'V');
INSERT INTO PRENOTAZIONE(CODICE_PRENOTAZIONE,DATA_PRENOTAZIONE,ORA_PRENOTAZIONE,TIPO_PRENOTAZIONE) VALUES ('020223',TO_DATE('23/01/2022','DD/MM/YYYY'),TO_DATE('11:30:00','HH24:MI:SS'),'V');
INSERT INTO PRENOTAZIONE(CODICE_PRENOTAZIONE,DATA_PRENOTAZIONE,ORA_PRENOTAZIONE,TIPO_PRENOTAZIONE) VALUES ('020224',TO_DATE('23/01/2023','DD/MM/YYYY'),TO_DATE('11:30:00','HH24:MI:SS'),'V');
INSERT INTO PRENOTAZIONE(CODICE_PRENOTAZIONE,DATA_PRENOTAZIONE,ORA_PRENOTAZIONE,TIPO_PRENOTAZIONE) VALUES ('020225',TO_DATE('23/01/2023','DD/MM/YYYY'),TO_DATE('11:30:00','HH24:MI:SS'),'V');
COMMIT;



INSERT INTO VISITA_VETERINARIO (CODICE_VETERINARIO,TARIFFA_VETERINARIO,PREZZO_VISITA,CODICE_ANIMALE,CODICE_PRENOTAZIONE) VALUES ('009670978905',150,200,'000000035770','009344');
INSERT INTO VISITA_VETERINARIO (CODICE_VETERINARIO,TARIFFA_VETERINARIO,PREZZO_VISITA,CODICE_ANIMALE,CODICE_PRENOTAZIONE) VALUES ('004738285475',145,200,'000000035781','004733');
INSERT INTO VISITA_VETERINARIO (CODICE_VETERINARIO,TARIFFA_VETERINARIO,PREZZO_VISITA,CODICE_ANIMALE,CODICE_PRENOTAZIONE) VALUES ('004782948574',100,150,'111883167902','004782');
INSERT INTO VISITA_VETERINARIO (CODICE_VETERINARIO,TARIFFA_VETERINARIO,PREZZO_VISITA,CODICE_ANIMALE,CODICE_PRENOTAZIONE) VALUES ('004788287462',250,350,'111973402274','004788');
INSERT INTO VISITA_VETERINARIO (CODICE_VETERINARIO,TARIFFA_VETERINARIO,PREZZO_VISITA,CODICE_ANIMALE,CODICE_PRENOTAZIONE) VALUES ('004782540985',60,150, '261786363887','004785');
INSERT INTO VISITA_VETERINARIO (CODICE_VETERINARIO,TARIFFA_VETERINARIO,PREZZO_VISITA,CODICE_ANIMALE,CODICE_PRENOTAZIONE) VALUES ('004892939493',50,150, '112031056011','004893');
INSERT INTO VISITA_VETERINARIO (CODICE_VETERINARIO,TARIFFA_VETERINARIO,PREZZO_VISITA,CODICE_ANIMALE,CODICE_PRENOTAZIONE) VALUES ('004849393932',150,250,'253786364772','004843');
INSERT INTO VISITA_VETERINARIO (CODICE_VETERINARIO,TARIFFA_VETERINARIO,PREZZO_VISITA,CODICE_ANIMALE,CODICE_PRENOTAZIONE) VALUES ('004893921303',90,120, '272166786882','004303');
INSERT INTO VISITA_VETERINARIO (CODICE_VETERINARIO,TARIFFA_VETERINARIO,PREZZO_VISITA,CODICE_ANIMALE,CODICE_PRENOTAZIONE) VALUES ('004893921390',100,120,'112031056012','004390');
INSERT INTO VISITA_VETERINARIO (CODICE_VETERINARIO,TARIFFA_VETERINARIO,PREZZO_VISITA,CODICE_ANIMALE,CODICE_PRENOTAZIONE) VALUES ('004892319302',80,95,  '112419037696','004892');
INSERT INTO VISITA_VETERINARIO (CODICE_VETERINARIO,TARIFFA_VETERINARIO,PREZZO_VISITA,CODICE_ANIMALE,CODICE_PRENOTAZIONE) VALUES ('004892921103',110,150,'112735546141','004891');
INSERT INTO VISITA_VETERINARIO (CODICE_VETERINARIO,TARIFFA_VETERINARIO,PREZZO_VISITA,CODICE_ANIMALE,CODICE_PRENOTAZIONE) VALUES ('004893992930',90,150, '112542139480','004893');
INSERT INTO VISITA_VETERINARIO (CODICE_VETERINARIO,TARIFFA_VETERINARIO,PREZZO_VISITA,CODICE_ANIMALE,CODICE_PRENOTAZIONE) VALUES ('004842921844',55,145, '111206770586','004833');
INSERT INTO VISITA_VETERINARIO (CODICE_VETERINARIO,TARIFFA_VETERINARIO,PREZZO_VISITA,CODICE_ANIMALE,CODICE_PRENOTAZIONE) VALUES ('004892094849',75,150, '111790614514','004339');
INSERT INTO VISITA_VETERINARIO (CODICE_VETERINARIO,TARIFFA_VETERINARIO,PREZZO_VISITA,CODICE_ANIMALE,CODICE_PRENOTAZIONE) VALUES ('004892927194',145,240,'112419037696','020223');
COMMIT;                                                                                                                                                                                                                                                                                                                                                                                                                                                                                                                                                                                                                                                               



INSERT INTO VISITA_PETCARE (CF_DIPENDENTE,PREZZO_VISITA,CODICE_ANIMALE, CODICE_PRENOTAZIONE) VALUES ('1111111111111111',40,'000000035770','234567');
INSERT INTO VISITA_PETCARE (CF_DIPENDENTE,PREZZO_VISITA,CODICE_ANIMALE, CODICE_PRENOTAZIONE) VALUES ('1111111111111110',45,'000000035781','111110');
INSERT INTO VISITA_PETCARE (CF_DIPENDENTE,PREZZO_VISITA,CODICE_ANIMALE, CODICE_PRENOTAZIONE) VALUES ('1111111111111100',45,'111883167902','111100');
INSERT INTO VISITA_PETCARE (CF_DIPENDENTE,PREZZO_VISITA,CODICE_ANIMALE, CODICE_PRENOTAZIONE) VALUES ('1111111111111000',50,'111973402274','111000');
INSERT INTO VISITA_PETCARE (CF_DIPENDENTE,PREZZO_VISITA,CODICE_ANIMALE, CODICE_PRENOTAZIONE) VALUES ('1111111111110000',55,'253786364772','110000');
INSERT INTO VISITA_PETCARE (CF_DIPENDENTE,PREZZO_VISITA,CODICE_ANIMALE, CODICE_PRENOTAZIONE) VALUES ('1111111111100000',50,'261786363887','100000');
INSERT INTO VISITA_PETCARE (CF_DIPENDENTE,PREZZO_VISITA,CODICE_ANIMALE, CODICE_PRENOTAZIONE) VALUES ('1111111111000000',55,'272166786882','000000');
INSERT INTO VISITA_PETCARE (CF_DIPENDENTE,PREZZO_VISITA,CODICE_ANIMALE, CODICE_PRENOTAZIONE) VALUES ('1111111110000000',55,'112031056013','100001');
INSERT INTO VISITA_PETCARE (CF_DIPENDENTE,PREZZO_VISITA,CODICE_ANIMALE, CODICE_PRENOTAZIONE) VALUES ('1111111100000000',55,'112031056011','110001');
INSERT INTO VISITA_PETCARE (CF_DIPENDENTE,PREZZO_VISITA,CODICE_ANIMALE, CODICE_PRENOTAZIONE) VALUES ('1111111000000000',55,'112031056012','111011');
INSERT INTO VISITA_PETCARE (CF_DIPENDENTE,PREZZO_VISITA,CODICE_ANIMALE, CODICE_PRENOTAZIONE) VALUES ('1111110000000000',55,'112735546141','111111');
INSERT INTO VISITA_PETCARE (CF_DIPENDENTE,PREZZO_VISITA,CODICE_ANIMALE, CODICE_PRENOTAZIONE) VALUES ('1111100000000000',45,'112542139480','010101');
INSERT INTO VISITA_PETCARE (CF_DIPENDENTE,PREZZO_VISITA,CODICE_ANIMALE, CODICE_PRENOTAZIONE) VALUES ('1111000000000000',45,'111206770586','101010');
INSERT INTO VISITA_PETCARE (CF_DIPENDENTE,PREZZO_VISITA,CODICE_ANIMALE, CODICE_PRENOTAZIONE) VALUES ('1110000000000000',45,'111790614514','100201');
INSERT INTO VISITA_PETCARE (CF_DIPENDENTE,PREZZO_VISITA,CODICE_ANIMALE, CODICE_PRENOTAZIONE) VALUES ('1100000000000000',45,'112419037696','110020');
COMMIT;


INSERT INTO PROMOZIONE (CODICE_PROMOZIONE, DATA_INIZIO, DATA_FINE) VALUES (0,TO_DATE('2022-01-01','YYYY-MM-DD'),TO_DATE('2022-01-10','YYYY-MM-DD'));  
INSERT INTO PROMOZIONE (CODICE_PROMOZIONE, DATA_INIZIO, DATA_FINE) VALUES (1,TO_DATE('2022-07-20','YYYY-MM-DD'),TO_DATE('2022-07-30','YYYY-MM-DD'));
INSERT INTO PROMOZIONE (CODICE_PROMOZIONE, DATA_INIZIO, DATA_FINE) VALUES (2,TO_DATE('2022-01-05','YYYY-MM-DD'),TO_DATE('2022-01-15','YYYY-MM-DD'));
INSERT INTO PROMOZIONE (CODICE_PROMOZIONE, DATA_INIZIO, DATA_FINE) VALUES (3,TO_DATE('2022-01-15','YYYY-MM-DD'),TO_DATE('2022-01-20','YYYY-MM-DD'));
INSERT INTO PROMOZIONE (CODICE_PROMOZIONE, DATA_INIZIO, DATA_FINE) VALUES (4,TO_DATE('2022-01-10','YYYY-MM-DD'),TO_DATE('2022-01-18','YYYY-MM-DD'));
INSERT INTO PROMOZIONE (CODICE_PROMOZIONE, DATA_INIZIO, DATA_FINE) VALUES (5,TO_DATE('2022-01-22','YYYY-MM-DD'),TO_DATE('2022-01-29','YYYY-MM-DD'));  
INSERT INTO PROMOZIONE (CODICE_PROMOZIONE, DATA_INIZIO, DATA_FINE) VALUES (6,TO_DATE('2022-01-23','YYYY-MM-DD'),TO_DATE('2022-01-29','YYYY-MM-DD'));
INSERT INTO PROMOZIONE (CODICE_PROMOZIONE, DATA_INIZIO, DATA_FINE) VALUES (7,TO_DATE('2022-01-27','YYYY-MM-DD'),TO_DATE('2022-02-01','YYYY-MM-DD'));
INSERT INTO PROMOZIONE (CODICE_PROMOZIONE, DATA_INIZIO, DATA_FINE) VALUES (8,TO_DATE('2022-02-01','YYYY-MM-DD'),TO_DATE('2022-02-05','YYYY-MM-DD'));
INSERT INTO PROMOZIONE (CODICE_PROMOZIONE, DATA_INIZIO, DATA_FINE) VALUES (9,TO_DATE('2022-02-01','YYYY-MM-DD'),TO_DATE('2022-02-05','YYYY-MM-DD'));  
INSERT INTO PROMOZIONE (CODICE_PROMOZIONE, DATA_INIZIO, DATA_FINE) VALUES (10,TO_DATE('2022-02-10','YYYY-MM-DD'),TO_DATE('2022-02-12','YYYY-MM-DD')); 
INSERT INTO PROMOZIONE (CODICE_PROMOZIONE, DATA_INIZIO, DATA_FINE) VALUES (11,TO_DATE('2022-02-15','YYYY-MM-DD'),TO_DATE('2022-02-16','YYYY-MM-DD'));   
INSERT INTO PROMOZIONE (CODICE_PROMOZIONE, DATA_INIZIO, DATA_FINE) VALUES (12,TO_DATE('2022-02-20','YYYY-MM-DD'),TO_DATE('2022-02-24','YYYY-MM-DD'));
INSERT INTO PROMOZIONE (CODICE_PROMOZIONE, DATA_INIZIO, DATA_FINE) VALUES (13,TO_DATE('2022-02-15','YYYY-MM-DD'),TO_DATE('2022-03-10','YYYY-MM-DD'));
INSERT INTO PROMOZIONE (CODICE_PROMOZIONE, DATA_INIZIO, DATA_FINE) VALUES (14,TO_DATE('2022-03-12','YYYY-MM-DD'),TO_DATE('2022-03-16','YYYY-MM-DD')); 
INSERT INTO PROMOZIONE (CODICE_PROMOZIONE, DATA_INIZIO, DATA_FINE) VALUES (15,TO_DATE('2022-03-14','YYYY-MM-DD'),TO_DATE('2022-03-16','YYYY-MM-DD'));
INSERT INTO PROMOZIONE (CODICE_PROMOZIONE, DATA_INIZIO, DATA_FINE) VALUES (16,TO_DATE('2022-04-27','YYYY-MM-DD'),TO_DATE('2022-04-30','YYYY-MM-DD'));
INSERT INTO PROMOZIONE (CODICE_PROMOZIONE, DATA_INIZIO, DATA_FINE) VALUES (17,TO_DATE('2022-05-20','YYYY-MM-DD'),TO_DATE('2022-05-22','YYYY-MM-DD'));
INSERT INTO PROMOZIONE (CODICE_PROMOZIONE, DATA_INIZIO, DATA_FINE) VALUES (18,TO_DATE('2022-05-25','YYYY-MM-DD'),TO_DATE('2022-05-29','YYYY-MM-DD'));
INSERT INTO PROMOZIONE (CODICE_PROMOZIONE, DATA_INIZIO, DATA_FINE) VALUES (19,TO_DATE('2022-06-01','YYYY-MM-DD'),TO_DATE('2022-06-02','YYYY-MM-DD'));
COMMIT;




INSERT INTO PROMOZIONE_RIGUARDA (CODICE_PROMOZIONE,CODICE_PRODOTTO,SCONTO_APPLICATO) VALUES (0,'67763013',0.1);
INSERT INTO PROMOZIONE_RIGUARDA (CODICE_PROMOZIONE,CODICE_PRODOTTO,SCONTO_APPLICATO) VALUES (1,'64615349',0.15);
INSERT INTO PROMOZIONE_RIGUARDA (CODICE_PROMOZIONE,CODICE_PRODOTTO,SCONTO_APPLICATO) VALUES (2,'76111735',0.08);
INSERT INTO PROMOZIONE_RIGUARDA (CODICE_PROMOZIONE,CODICE_PRODOTTO,SCONTO_APPLICATO) VALUES (3,'59022433',0.1);
INSERT INTO PROMOZIONE_RIGUARDA (CODICE_PROMOZIONE,CODICE_PRODOTTO,SCONTO_APPLICATO) VALUES (4,'71506294',0.2);
INSERT INTO PROMOZIONE_RIGUARDA (CODICE_PROMOZIONE,CODICE_PRODOTTO,SCONTO_APPLICATO) VALUES (5,'86196030',0.2);    
INSERT INTO PROMOZIONE_RIGUARDA (CODICE_PROMOZIONE,CODICE_PRODOTTO,SCONTO_APPLICATO) VALUES (6,'44025983',0.4);
INSERT INTO PROMOZIONE_RIGUARDA (CODICE_PROMOZIONE,CODICE_PRODOTTO,SCONTO_APPLICATO) VALUES (7,'64615349',0.15);
INSERT INTO PROMOZIONE_RIGUARDA (CODICE_PROMOZIONE,CODICE_PRODOTTO,SCONTO_APPLICATO) VALUES (8,'89418406',0.1);
INSERT INTO PROMOZIONE_RIGUARDA (CODICE_PROMOZIONE,CODICE_PRODOTTO,SCONTO_APPLICATO) VALUES (9,'44025983',0.1);
INSERT INTO PROMOZIONE_RIGUARDA (CODICE_PROMOZIONE,CODICE_PRODOTTO,SCONTO_APPLICATO) VALUES (10,'76111735',0.4);
INSERT INTO PROMOZIONE_RIGUARDA (CODICE_PROMOZIONE,CODICE_PRODOTTO,SCONTO_APPLICATO) VALUES (11,'64615349',0.15);
INSERT INTO PROMOZIONE_RIGUARDA (CODICE_PROMOZIONE,CODICE_PRODOTTO,SCONTO_APPLICATO) VALUES (12,'64615349',0.1);
INSERT INTO PROMOZIONE_RIGUARDA (CODICE_PROMOZIONE,CODICE_PRODOTTO,SCONTO_APPLICATO) VALUES (13,'44025983',0.5);
INSERT INTO PROMOZIONE_RIGUARDA (CODICE_PROMOZIONE,CODICE_PRODOTTO,SCONTO_APPLICATO) VALUES (14,'43998391',0.12);   
INSERT INTO PROMOZIONE_RIGUARDA (CODICE_PROMOZIONE,CODICE_PRODOTTO,SCONTO_APPLICATO) VALUES (15,'84346649',0.1);
INSERT INTO PROMOZIONE_RIGUARDA (CODICE_PROMOZIONE,CODICE_PRODOTTO,SCONTO_APPLICATO) VALUES (16,'95939227',0.2);
INSERT INTO PROMOZIONE_RIGUARDA (CODICE_PROMOZIONE,CODICE_PRODOTTO,SCONTO_APPLICATO) VALUES (17,'73483462',0.1);
INSERT INTO PROMOZIONE_RIGUARDA (CODICE_PROMOZIONE,CODICE_PRODOTTO,SCONTO_APPLICATO) VALUES (18,'44025983',0.1);
INSERT INTO PROMOZIONE_RIGUARDA (CODICE_PROMOZIONE,CODICE_PRODOTTO,SCONTO_APPLICATO) VALUES (19,'99090555',0.05);
COMMIT;

INSERT INTO RESTITUISCE (CODICE_ANIMALE,DATA_RESTITUZIONE,RIMBORSO,CF_CLIENTE) VALUES ('111883167902',TO_DATE('22/03/2022','DD/MM/YYYY'),250,'SPSLRA02H54F839K');
INSERT INTO RESTITUISCE (CODICE_ANIMALE,DATA_RESTITUZIONE,RIMBORSO,CF_CLIENTE) VALUES ('111973402274',TO_DATE('11/04/2022','DD/MM/YYYY'),600,'LCVNTN99C17A024R');
INSERT INTO RESTITUISCE (CODICE_ANIMALE,DATA_RESTITUZIONE,RIMBORSO,CF_CLIENTE) VALUES ('112419037696',TO_DATE('20/04/2022','DD/MM/YYYY'),11.50,'RGGLSS78H20F839H');
INSERT INTO RESTITUISCE (CODICE_ANIMALE,DATA_RESTITUZIONE,RIMBORSO,CF_CLIENTE) VALUES ('111790614514',TO_DATE('1/08/2022','DD/MM/YYYY'),17.50,'SBRBNC80R41F839T');
INSERT INTO RESTITUISCE (CODICE_ANIMALE,DATA_RESTITUZIONE,RIMBORSO,CF_CLIENTE) VALUES ('111206770586',TO_DATE('20/08/2022','DD/MM/YYYY'),15,'MNPNCL80A59A509N');
INSERT INTO RESTITUISCE (CODICE_ANIMALE,DATA_RESTITUZIONE,RIMBORSO,CF_CLIENTE) VALUES ('112542139480',TO_DATE('25/07/2022','DD/MM/YYYY'),750,'BNCMRA70A20H501B');
INSERT INTO RESTITUISCE (CODICE_ANIMALE,DATA_RESTITUZIONE,RIMBORSO,CF_CLIENTE) VALUES ('112735546141',TO_DATE('10/08/2022','DD/MM/YYYY'),50,'RSSMRA66A02A408M');
INSERT INTO RESTITUISCE (CODICE_ANIMALE,DATA_RESTITUZIONE,RIMBORSO,CF_CLIENTE) VALUES ('112031056011',TO_DATE('03/08/2022','DD/MM/YYYY'),250,'MRNVCN88T17B963G');
INSERT INTO RESTITUISCE (CODICE_ANIMALE,DATA_RESTITUZIONE,RIMBORSO,CF_CLIENTE) VALUES ('112031056012',TO_DATE('19/03/2022','DD/MM/YYYY'),650,'MMEGLI00B60F839J');
INSERT INTO RESTITUISCE (CODICE_ANIMALE,DATA_RESTITUZIONE,RIMBORSO,CF_CLIENTE) VALUES ('112031056013',TO_DATE('10/04/2022','DD/MM/YYYY'),750,'DFLTRS87P29F389F');
INSERT INTO RESTITUISCE (CODICE_ANIMALE,DATA_RESTITUZIONE,RIMBORSO,CF_CLIENTE) VALUES ('112031056014',TO_DATE('05/06/2022','DD/MM/YYYY'),30,'SPSFNC83L51A509B');
INSERT INTO RESTITUISCE (CODICE_ANIMALE,DATA_RESTITUZIONE,RIMBORSO,CF_CLIENTE) VALUES ('112031056015',TO_DATE('28/06/2022','DD/MM/YYYY'),3000,'TSCNNP90M01B963D');
INSERT INTO RESTITUISCE (CODICE_ANIMALE,DATA_RESTITUZIONE,RIMBORSO,CF_CLIENTE) VALUES ('112031056016',TO_DATE('20/07/2022','DD/MM/YYYY'),500,'RMMCRL85A62A509Z');
INSERT INTO RESTITUISCE (CODICE_ANIMALE,DATA_RESTITUZIONE,RIMBORSO,CF_CLIENTE) VALUES ('138213832112',TO_DATE('13/06/2022','DD/MM/YYYY'),400,'TRRLNZ99C19F839S');
INSERT INTO RESTITUISCE (CODICE_ANIMALE,DATA_RESTITUZIONE,RIMBORSO,CF_CLIENTE) VALUES ('142355326626',TO_DATE('14/06/2022','DD/MM/YYYY'),600,'CRLMFR75M56F839U');
INSERT INTO RESTITUISCE (CODICE_ANIMALE,DATA_RESTITUZIONE,RIMBORSO,CF_CLIENTE) VALUES ('272166786882',TO_DATE('15/05/2022','DD/MM/YYYY'),650,'DNNFRC75E15H703B');
INSERT INTO RESTITUISCE (CODICE_ANIMALE,DATA_RESTITUZIONE,RIMBORSO,CF_CLIENTE) VALUES ('253786364772',TO_DATE('19/06/2022','DD/MM/YYYY'),550,'GRRLNG84M25F839Z');

COMMIT;

